USE School;
GO


-- Inserts for table: Subject
INSERT INTO Subject (SubjectID, SubjectName) VALUES (1, 'Math');
INSERT INTO Subject (SubjectID, SubjectName) VALUES (2, 'Science');
INSERT INTO Subject (SubjectID, SubjectName) VALUES (3, 'History');
INSERT INTO Subject (SubjectID, SubjectName) VALUES (4, 'English');
INSERT INTO Subject (SubjectID, SubjectName) VALUES (5, 'Art');
INSERT INTO Subject (SubjectID, SubjectName) VALUES (6, 'Literature');
INSERT INTO Subject (SubjectID, SubjectName) VALUES (7, 'Music');
INSERT INTO Subject (SubjectID, SubjectName) VALUES (8, 'Physical Education');
INSERT INTO Subject (SubjectID, SubjectName) VALUES (9, 'Computer Science');
INSERT INTO Subject (SubjectID, SubjectName) VALUES (10, 'Geography');
INSERT INTO Subject (SubjectID, SubjectName) VALUES (11, 'Biology');

-- Inserts for table: Teacher
INSERT INTO Teacher (PESEL, FirstName, LastName) VALUES ('72578883431', 'William', 'Preston');
INSERT INTO Teacher (PESEL, FirstName, LastName) VALUES ('92643539053', 'Abraham', 'Trevino');
INSERT INTO Teacher (PESEL, FirstName, LastName) VALUES ('77771626119', 'Lauren', 'Hymel');
INSERT INTO Teacher (PESEL, FirstName, LastName) VALUES ('00841961079', 'Tammy', 'Pingrey');
INSERT INTO Teacher (PESEL, FirstName, LastName) VALUES ('92135993793', 'Darrell', 'Schultz');
INSERT INTO Teacher (PESEL, FirstName, LastName) VALUES ('51675722122', 'Angela', 'Everhardt');
INSERT INTO Teacher (PESEL, FirstName, LastName) VALUES ('87890235548', 'Helen', 'Saldana');
INSERT INTO Teacher (PESEL, FirstName, LastName) VALUES ('51633775600', 'Mindy', 'Gipson');
INSERT INTO Teacher (PESEL, FirstName, LastName) VALUES ('85017946688', 'Leonard', 'Radigan');
INSERT INTO Teacher (PESEL, FirstName, LastName) VALUES ('74969242089', 'Tessa', 'Distefano');
INSERT INTO Teacher (PESEL, FirstName, LastName) VALUES ('21915389362', 'Betty', 'Sterling');
INSERT INTO Teacher (PESEL, FirstName, LastName) VALUES ('82358894870', 'Bill', 'Rudd');
INSERT INTO Teacher (PESEL, FirstName, LastName) VALUES ('24527437918', 'Eric', 'Merk');
INSERT INTO Teacher (PESEL, FirstName, LastName) VALUES ('89151419372', 'Fred', 'Hilyer');
INSERT INTO Teacher (PESEL, FirstName, LastName) VALUES ('38990722071', 'Elisha', 'Goodrich');

-- Inserts for table: Grade
INSERT INTO Grade (GradeID, GradeValue, WeightOfGrade, Date) VALUES (1, 4.0, 6, '2024-10-26 02:49:00');
INSERT INTO Grade (GradeID, GradeValue, WeightOfGrade, Date) VALUES (2, 5.25, 0, '2024-10-27 02:49:00');
INSERT INTO Grade (GradeID, GradeValue, WeightOfGrade, Date) VALUES (3, 1.0, 1, '2024-10-29 02:49:00');
INSERT INTO Grade (GradeID, GradeValue, WeightOfGrade, Date) VALUES (4, 1.0, 4, '2024-09-20 16:58:00');
INSERT INTO Grade (GradeID, GradeValue, WeightOfGrade, Date) VALUES (5, 4.75, 2, '2024-09-20 16:58:00');
INSERT INTO Grade (GradeID, GradeValue, WeightOfGrade, Date) VALUES (6, 4.5, 0, '2024-09-22 16:58:00');
INSERT INTO Grade (GradeID, GradeValue, WeightOfGrade, Date) VALUES (7, 4.5, 5, '2024-12-21 00:35:00');
INSERT INTO Grade (GradeID, GradeValue, WeightOfGrade, Date) VALUES (8, 6.0, 4, '2024-12-20 00:35:00');
INSERT INTO Grade (GradeID, GradeValue, WeightOfGrade, Date) VALUES (9, 1.25, 5, '2024-10-23 19:32:00');
INSERT INTO Grade (GradeID, GradeValue, WeightOfGrade, Date) VALUES (10, 3.75, 0, '2024-10-21 19:32:00');
INSERT INTO Grade (GradeID, GradeValue, WeightOfGrade, Date) VALUES (11, 2.25, 5, '2024-10-22 19:32:00');
INSERT INTO Grade (GradeID, GradeValue, WeightOfGrade, Date) VALUES (12, 2.5, 3, '2024-12-09 17:59:00');
INSERT INTO Grade (GradeID, GradeValue, WeightOfGrade, Date) VALUES (13, 4.0, 2, '2024-12-06 17:59:00');
INSERT INTO Grade (GradeID, GradeValue, WeightOfGrade, Date) VALUES (14, 6.0, 1, '2024-12-08 17:59:00');
INSERT INTO Grade (GradeID, GradeValue, WeightOfGrade, Date) VALUES (15, 1.25, 1, '2024-09-23 19:15:00');
INSERT INTO Grade (GradeID, GradeValue, WeightOfGrade, Date) VALUES (16, 3.25, 1, '2024-09-26 19:15:00');
INSERT INTO Grade (GradeID, GradeValue, WeightOfGrade, Date) VALUES (17, 3.0, 2, '2024-10-03 09:28:00');
INSERT INTO Grade (GradeID, GradeValue, WeightOfGrade, Date) VALUES (18, 2.0, 5, '2024-10-04 09:28:00');
INSERT INTO Grade (GradeID, GradeValue, WeightOfGrade, Date) VALUES (19, 4.0, 3, '2024-10-05 09:28:00');
INSERT INTO Grade (GradeID, GradeValue, WeightOfGrade, Date) VALUES (20, 6.0, 1, '2024-12-03 22:45:00');
INSERT INTO Grade (GradeID, GradeValue, WeightOfGrade, Date) VALUES (21, 2.5, 2, '2024-12-05 22:45:00');
INSERT INTO Grade (GradeID, GradeValue, WeightOfGrade, Date) VALUES (22, 4.0, 2, '2024-12-10 16:03:00');
INSERT INTO Grade (GradeID, GradeValue, WeightOfGrade, Date) VALUES (23, 5.75, 0, '2024-12-12 16:03:00');
INSERT INTO Grade (GradeID, GradeValue, WeightOfGrade, Date) VALUES (24, 3.75, 2, '2024-12-13 19:54:00');
INSERT INTO Grade (GradeID, GradeValue, WeightOfGrade, Date) VALUES (25, 2.25, 4, '2024-09-29 06:10:00');
INSERT INTO Grade (GradeID, GradeValue, WeightOfGrade, Date) VALUES (26, 5.5, 5, '2024-09-28 06:10:00');
INSERT INTO Grade (GradeID, GradeValue, WeightOfGrade, Date) VALUES (27, 3.0, 1, '2025-04-26 11:00:00');
INSERT INTO Grade (GradeID, GradeValue, WeightOfGrade, Date) VALUES (28, 2.5, 6, '2025-06-06 17:26:00');
INSERT INTO Grade (GradeID, GradeValue, WeightOfGrade, Date) VALUES (29, 4.75, 4, '2025-06-06 17:26:00');
INSERT INTO Grade (GradeID, GradeValue, WeightOfGrade, Date) VALUES (30, 2.25, 2, '2025-03-12 01:18:00');
INSERT INTO Grade (GradeID, GradeValue, WeightOfGrade, Date) VALUES (31, 4.25, 0, '2024-12-02 23:51:00');
INSERT INTO Grade (GradeID, GradeValue, WeightOfGrade, Date) VALUES (32, 1.25, 4, '2024-12-04 23:51:00');
INSERT INTO Grade (GradeID, GradeValue, WeightOfGrade, Date) VALUES (33, 2.0, 4, '2024-11-17 02:48:00');
INSERT INTO Grade (GradeID, GradeValue, WeightOfGrade, Date) VALUES (34, 2.0, 1, '2024-10-01 23:49:00');
INSERT INTO Grade (GradeID, GradeValue, WeightOfGrade, Date) VALUES (35, 3.5, 1, '2024-09-28 23:49:00');
INSERT INTO Grade (GradeID, GradeValue, WeightOfGrade, Date) VALUES (36, 3.75, 2, '2024-10-04 12:20:00');
INSERT INTO Grade (GradeID, GradeValue, WeightOfGrade, Date) VALUES (37, 5.5, 6, '2024-10-15 03:12:00');
INSERT INTO Grade (GradeID, GradeValue, WeightOfGrade, Date) VALUES (38, 1.5, 2, '2024-10-15 03:12:00');
INSERT INTO Grade (GradeID, GradeValue, WeightOfGrade, Date) VALUES (39, 5.75, 2, '2024-12-16 06:46:00');
INSERT INTO Grade (GradeID, GradeValue, WeightOfGrade, Date) VALUES (40, 3.25, 5, '2024-12-15 06:46:00');
INSERT INTO Grade (GradeID, GradeValue, WeightOfGrade, Date) VALUES (41, 5.25, 0, '2024-09-29 23:17:00');
INSERT INTO Grade (GradeID, GradeValue, WeightOfGrade, Date) VALUES (42, 2.5, 4, '2024-10-01 23:17:00');
INSERT INTO Grade (GradeID, GradeValue, WeightOfGrade, Date) VALUES (43, 6.0, 6, '2024-10-04 15:55:00');
INSERT INTO Grade (GradeID, GradeValue, WeightOfGrade, Date) VALUES (44, 1.5, 0, '2024-10-02 15:55:00');
INSERT INTO Grade (GradeID, GradeValue, WeightOfGrade, Date) VALUES (45, 1.5, 3, '2025-02-13 20:06:00');
INSERT INTO Grade (GradeID, GradeValue, WeightOfGrade, Date) VALUES (46, 5.75, 0, '2024-09-21 13:55:00');
INSERT INTO Grade (GradeID, GradeValue, WeightOfGrade, Date) VALUES (47, 5.75, 4, '2024-11-16 17:34:00');
INSERT INTO Grade (GradeID, GradeValue, WeightOfGrade, Date) VALUES (48, 1.25, 5, '2024-12-14 04:22:00');
INSERT INTO Grade (GradeID, GradeValue, WeightOfGrade, Date) VALUES (49, 1.5, 0, '2024-09-12 10:28:00');
INSERT INTO Grade (GradeID, GradeValue, WeightOfGrade, Date) VALUES (50, 1.0, 1, '2024-09-10 10:28:00');
INSERT INTO Grade (GradeID, GradeValue, WeightOfGrade, Date) VALUES (51, 4.75, 2, '2025-04-09 09:34:00');
INSERT INTO Grade (GradeID, GradeValue, WeightOfGrade, Date) VALUES (52, 1.0, 6, '2025-04-09 09:34:00');
INSERT INTO Grade (GradeID, GradeValue, WeightOfGrade, Date) VALUES (53, 2.75, 3, '2024-10-06 00:44:00');
INSERT INTO Grade (GradeID, GradeValue, WeightOfGrade, Date) VALUES (54, 3.25, 6, '2024-10-07 00:44:00');
INSERT INTO Grade (GradeID, GradeValue, WeightOfGrade, Date) VALUES (55, 4.5, 2, '2025-04-30 21:15:00');
INSERT INTO Grade (GradeID, GradeValue, WeightOfGrade, Date) VALUES (56, 1.5, 6, '2025-05-01 21:15:00');
INSERT INTO Grade (GradeID, GradeValue, WeightOfGrade, Date) VALUES (57, 4.5, 1, '2025-04-30 21:15:00');
INSERT INTO Grade (GradeID, GradeValue, WeightOfGrade, Date) VALUES (58, 5.75, 2, '2025-06-11 04:32:00');
INSERT INTO Grade (GradeID, GradeValue, WeightOfGrade, Date) VALUES (59, 1.75, 6, '2025-06-13 04:32:00');
INSERT INTO Grade (GradeID, GradeValue, WeightOfGrade, Date) VALUES (60, 5.75, 1, '2025-04-02 11:25:00');
INSERT INTO Grade (GradeID, GradeValue, WeightOfGrade, Date) VALUES (61, 3.25, 6, '2025-04-02 11:25:00');
INSERT INTO Grade (GradeID, GradeValue, WeightOfGrade, Date) VALUES (62, 2.75, 2, '2025-04-03 11:25:00');
INSERT INTO Grade (GradeID, GradeValue, WeightOfGrade, Date) VALUES (63, 1.0, 4, '2025-04-03 11:25:00');
INSERT INTO Grade (GradeID, GradeValue, WeightOfGrade, Date) VALUES (64, 3.0, 1, '2025-04-09 02:28:00');
INSERT INTO Grade (GradeID, GradeValue, WeightOfGrade, Date) VALUES (65, 3.5, 0, '2025-04-09 02:28:00');
INSERT INTO Grade (GradeID, GradeValue, WeightOfGrade, Date) VALUES (66, 5.25, 0, '2025-04-09 02:28:00');
INSERT INTO Grade (GradeID, GradeValue, WeightOfGrade, Date) VALUES (67, 5.75, 5, '2025-04-09 02:28:00');
INSERT INTO Grade (GradeID, GradeValue, WeightOfGrade, Date) VALUES (68, 5.0, 6, '2025-03-13 17:23:00');
INSERT INTO Grade (GradeID, GradeValue, WeightOfGrade, Date) VALUES (69, 6.0, 2, '2025-03-15 17:23:00');
INSERT INTO Grade (GradeID, GradeValue, WeightOfGrade, Date) VALUES (70, 1.5, 0, '2025-03-14 17:23:00');
INSERT INTO Grade (GradeID, GradeValue, WeightOfGrade, Date) VALUES (71, 1.5, 4, '2024-09-18 02:38:00');
INSERT INTO Grade (GradeID, GradeValue, WeightOfGrade, Date) VALUES (72, 5.0, 3, '2024-09-15 02:38:00');
INSERT INTO Grade (GradeID, GradeValue, WeightOfGrade, Date) VALUES (73, 3.75, 1, '2024-09-17 02:38:00');
INSERT INTO Grade (GradeID, GradeValue, WeightOfGrade, Date) VALUES (74, 3.75, 2, '2024-09-18 02:38:00');
INSERT INTO Grade (GradeID, GradeValue, WeightOfGrade, Date) VALUES (75, 1.5, 1, '2024-10-08 01:15:00');
INSERT INTO Grade (GradeID, GradeValue, WeightOfGrade, Date) VALUES (76, 1.0, 2, '2024-10-08 01:15:00');
INSERT INTO Grade (GradeID, GradeValue, WeightOfGrade, Date) VALUES (77, 4.75, 0, '2024-09-10 23:34:00');
INSERT INTO Grade (GradeID, GradeValue, WeightOfGrade, Date) VALUES (78, 5.0, 3, '2024-09-09 23:34:00');
INSERT INTO Grade (GradeID, GradeValue, WeightOfGrade, Date) VALUES (79, 3.75, 1, '2024-09-10 23:34:00');
INSERT INTO Grade (GradeID, GradeValue, WeightOfGrade, Date) VALUES (80, 2.5, 2, '2024-09-11 23:34:00');
INSERT INTO Grade (GradeID, GradeValue, WeightOfGrade, Date) VALUES (81, 5.75, 3, '2025-02-22 15:52:00');
INSERT INTO Grade (GradeID, GradeValue, WeightOfGrade, Date) VALUES (82, 3.75, 5, '2025-02-24 15:52:00');
INSERT INTO Grade (GradeID, GradeValue, WeightOfGrade, Date) VALUES (83, 1.0, 4, '2025-05-31 21:59:00');
INSERT INTO Grade (GradeID, GradeValue, WeightOfGrade, Date) VALUES (84, 4.25, 5, '2025-05-30 21:59:00');
INSERT INTO Grade (GradeID, GradeValue, WeightOfGrade, Date) VALUES (85, 5.5, 0, '2025-06-19 11:00:00');
INSERT INTO Grade (GradeID, GradeValue, WeightOfGrade, Date) VALUES (86, 3.75, 2, '2025-06-21 11:00:00');
INSERT INTO Grade (GradeID, GradeValue, WeightOfGrade, Date) VALUES (87, 2.25, 2, '2025-05-02 13:39:00');
INSERT INTO Grade (GradeID, GradeValue, WeightOfGrade, Date) VALUES (88, 4.5, 4, '2025-04-29 13:39:00');
INSERT INTO Grade (GradeID, GradeValue, WeightOfGrade, Date) VALUES (89, 1.0, 2, '2025-04-30 13:39:00');
INSERT INTO Grade (GradeID, GradeValue, WeightOfGrade, Date) VALUES (90, 1.25, 4, '2025-04-30 13:39:00');
INSERT INTO Grade (GradeID, GradeValue, WeightOfGrade, Date) VALUES (91, 5.75, 2, '2025-04-24 18:12:00');
INSERT INTO Grade (GradeID, GradeValue, WeightOfGrade, Date) VALUES (92, 5.5, 4, '2025-04-23 18:12:00');
INSERT INTO Grade (GradeID, GradeValue, WeightOfGrade, Date) VALUES (93, 1.5, 5, '2025-04-03 09:16:00');
INSERT INTO Grade (GradeID, GradeValue, WeightOfGrade, Date) VALUES (94, 2.0, 6, '2025-04-03 09:16:00');
INSERT INTO Grade (GradeID, GradeValue, WeightOfGrade, Date) VALUES (95, 4.25, 0, '2025-03-02 02:54:00');
INSERT INTO Grade (GradeID, GradeValue, WeightOfGrade, Date) VALUES (96, 3.5, 5, '2025-03-01 02:54:00');
INSERT INTO Grade (GradeID, GradeValue, WeightOfGrade, Date) VALUES (97, 4.5, 3, '2024-11-01 00:35:00');
INSERT INTO Grade (GradeID, GradeValue, WeightOfGrade, Date) VALUES (98, 3.75, 2, '2024-10-30 00:35:00');
INSERT INTO Grade (GradeID, GradeValue, WeightOfGrade, Date) VALUES (99, 3.0, 5, '2024-10-30 00:35:00');
INSERT INTO Grade (GradeID, GradeValue, WeightOfGrade, Date) VALUES (100, 3.0, 5, '2024-12-08 19:57:00');
INSERT INTO Grade (GradeID, GradeValue, WeightOfGrade, Date) VALUES (101, 2.5, 3, '2025-06-16 06:43:00');
INSERT INTO Grade (GradeID, GradeValue, WeightOfGrade, Date) VALUES (102, 2.25, 5, '2025-06-14 06:43:00');
INSERT INTO Grade (GradeID, GradeValue, WeightOfGrade, Date) VALUES (103, 4.75, 6, '2025-02-07 03:53:00');
INSERT INTO Grade (GradeID, GradeValue, WeightOfGrade, Date) VALUES (104, 5.75, 1, '2025-02-07 03:53:00');
INSERT INTO Grade (GradeID, GradeValue, WeightOfGrade, Date) VALUES (105, 2.75, 3, '2025-06-16 10:33:00');
INSERT INTO Grade (GradeID, GradeValue, WeightOfGrade, Date) VALUES (106, 3.75, 6, '2025-06-15 10:33:00');
INSERT INTO Grade (GradeID, GradeValue, WeightOfGrade, Date) VALUES (107, 1.75, 6, '2025-06-16 10:33:00');
INSERT INTO Grade (GradeID, GradeValue, WeightOfGrade, Date) VALUES (108, 1.5, 1, '2025-02-08 23:56:00');
INSERT INTO Grade (GradeID, GradeValue, WeightOfGrade, Date) VALUES (109, 2.5, 1, '2025-02-09 23:56:00');
INSERT INTO Grade (GradeID, GradeValue, WeightOfGrade, Date) VALUES (110, 1.75, 3, '2025-02-09 23:56:00');
INSERT INTO Grade (GradeID, GradeValue, WeightOfGrade, Date) VALUES (111, 2.5, 0, '2024-10-12 13:11:00');
INSERT INTO Grade (GradeID, GradeValue, WeightOfGrade, Date) VALUES (112, 5.75, 5, '2024-09-24 13:20:00');
INSERT INTO Grade (GradeID, GradeValue, WeightOfGrade, Date) VALUES (113, 4.75, 1, '2024-09-26 13:20:00');
INSERT INTO Grade (GradeID, GradeValue, WeightOfGrade, Date) VALUES (114, 2.75, 0, '2024-12-05 17:42:00');
INSERT INTO Grade (GradeID, GradeValue, WeightOfGrade, Date) VALUES (115, 5.0, 4, '2024-12-04 05:32:00');
INSERT INTO Grade (GradeID, GradeValue, WeightOfGrade, Date) VALUES (116, 3.0, 3, '2025-04-24 10:09:00');
INSERT INTO Grade (GradeID, GradeValue, WeightOfGrade, Date) VALUES (117, 4.5, 6, '2024-10-31 17:45:00');
INSERT INTO Grade (GradeID, GradeValue, WeightOfGrade, Date) VALUES (118, 5.0, 2, '2025-06-09 10:50:00');
INSERT INTO Grade (GradeID, GradeValue, WeightOfGrade, Date) VALUES (119, 4.5, 3, '2025-06-08 10:50:00');
INSERT INTO Grade (GradeID, GradeValue, WeightOfGrade, Date) VALUES (120, 5.5, 3, '2025-06-07 10:50:00');
INSERT INTO Grade (GradeID, GradeValue, WeightOfGrade, Date) VALUES (121, 6.0, 6, '2025-04-06 14:22:00');
INSERT INTO Grade (GradeID, GradeValue, WeightOfGrade, Date) VALUES (122, 3.25, 1, '2025-04-05 14:22:00');
INSERT INTO Grade (GradeID, GradeValue, WeightOfGrade, Date) VALUES (123, 3.5, 1, '2024-09-21 07:35:00');
INSERT INTO Grade (GradeID, GradeValue, WeightOfGrade, Date) VALUES (124, 5.0, 0, '2024-09-22 07:35:00');
INSERT INTO Grade (GradeID, GradeValue, WeightOfGrade, Date) VALUES (125, 4.75, 5, '2024-12-21 07:47:00');
INSERT INTO Grade (GradeID, GradeValue, WeightOfGrade, Date) VALUES (126, 2.5, 4, '2024-12-23 07:47:00');
INSERT INTO Grade (GradeID, GradeValue, WeightOfGrade, Date) VALUES (127, 5.0, 4, '2024-12-22 07:47:00');
INSERT INTO Grade (GradeID, GradeValue, WeightOfGrade, Date) VALUES (128, 3.25, 6, '2025-04-02 14:05:00');
INSERT INTO Grade (GradeID, GradeValue, WeightOfGrade, Date) VALUES (129, 6.0, 2, '2025-03-04 20:08:00');
INSERT INTO Grade (GradeID, GradeValue, WeightOfGrade, Date) VALUES (130, 3.0, 1, '2025-02-16 17:06:00');
INSERT INTO Grade (GradeID, GradeValue, WeightOfGrade, Date) VALUES (131, 3.0, 0, '2025-03-28 01:49:00');
INSERT INTO Grade (GradeID, GradeValue, WeightOfGrade, Date) VALUES (132, 4.5, 5, '2025-05-18 08:10:00');
INSERT INTO Grade (GradeID, GradeValue, WeightOfGrade, Date) VALUES (133, 1.5, 6, '2025-05-18 08:10:00');
INSERT INTO Grade (GradeID, GradeValue, WeightOfGrade, Date) VALUES (134, 1.0, 0, '2025-04-01 14:46:00');
INSERT INTO Grade (GradeID, GradeValue, WeightOfGrade, Date) VALUES (135, 5.25, 3, '2025-04-27 08:54:00');
INSERT INTO Grade (GradeID, GradeValue, WeightOfGrade, Date) VALUES (136, 3.25, 4, '2025-04-30 08:54:00');
INSERT INTO Grade (GradeID, GradeValue, WeightOfGrade, Date) VALUES (137, 4.75, 1, '2025-02-26 23:34:00');
INSERT INTO Grade (GradeID, GradeValue, WeightOfGrade, Date) VALUES (138, 3.75, 4, '2025-03-01 23:34:00');
INSERT INTO Grade (GradeID, GradeValue, WeightOfGrade, Date) VALUES (139, 6.0, 5, '2024-11-27 16:40:00');
INSERT INTO Grade (GradeID, GradeValue, WeightOfGrade, Date) VALUES (140, 3.25, 2, '2024-11-24 16:40:00');
INSERT INTO Grade (GradeID, GradeValue, WeightOfGrade, Date) VALUES (141, 3.75, 1, '2024-12-14 03:10:00');
INSERT INTO Grade (GradeID, GradeValue, WeightOfGrade, Date) VALUES (142, 4.75, 0, '2024-11-13 05:58:00');
INSERT INTO Grade (GradeID, GradeValue, WeightOfGrade, Date) VALUES (143, 2.5, 6, '2025-04-21 23:48:00');
INSERT INTO Grade (GradeID, GradeValue, WeightOfGrade, Date) VALUES (144, 5.75, 2, '2024-11-04 08:18:00');
INSERT INTO Grade (GradeID, GradeValue, WeightOfGrade, Date) VALUES (145, 4.0, 4, '2024-09-04 01:34:00');
INSERT INTO Grade (GradeID, GradeValue, WeightOfGrade, Date) VALUES (146, 3.75, 3, '2024-09-05 01:34:00');
INSERT INTO Grade (GradeID, GradeValue, WeightOfGrade, Date) VALUES (147, 5.75, 1, '2024-11-11 15:28:00');
INSERT INTO Grade (GradeID, GradeValue, WeightOfGrade, Date) VALUES (148, 3.5, 4, '2024-09-23 02:41:00');
INSERT INTO Grade (GradeID, GradeValue, WeightOfGrade, Date) VALUES (149, 2.0, 2, '2024-09-23 02:41:00');
INSERT INTO Grade (GradeID, GradeValue, WeightOfGrade, Date) VALUES (150, 4.25, 2, '2024-09-09 10:17:00');
INSERT INTO Grade (GradeID, GradeValue, WeightOfGrade, Date) VALUES (151, 4.0, 0, '2024-09-06 10:17:00');
INSERT INTO Grade (GradeID, GradeValue, WeightOfGrade, Date) VALUES (152, 1.75, 5, '2024-10-06 18:48:00');
INSERT INTO Grade (GradeID, GradeValue, WeightOfGrade, Date) VALUES (153, 5.25, 0, '2024-10-07 18:48:00');
INSERT INTO Grade (GradeID, GradeValue, WeightOfGrade, Date) VALUES (154, 1.75, 3, '2024-12-19 22:42:00');
INSERT INTO Grade (GradeID, GradeValue, WeightOfGrade, Date) VALUES (155, 4.5, 5, '2024-12-10 02:45:00');
INSERT INTO Grade (GradeID, GradeValue, WeightOfGrade, Date) VALUES (156, 4.25, 4, '2024-12-11 02:45:00');
INSERT INTO Grade (GradeID, GradeValue, WeightOfGrade, Date) VALUES (157, 2.25, 2, '2024-11-24 13:18:00');
INSERT INTO Grade (GradeID, GradeValue, WeightOfGrade, Date) VALUES (158, 5.0, 3, '2024-11-23 13:18:00');
INSERT INTO Grade (GradeID, GradeValue, WeightOfGrade, Date) VALUES (159, 6.0, 3, '2024-11-26 13:18:00');
INSERT INTO Grade (GradeID, GradeValue, WeightOfGrade, Date) VALUES (160, 4.25, 1, '2024-11-20 06:39:00');
INSERT INTO Grade (GradeID, GradeValue, WeightOfGrade, Date) VALUES (161, 2.75, 6, '2024-11-20 06:39:00');
INSERT INTO Grade (GradeID, GradeValue, WeightOfGrade, Date) VALUES (162, 3.25, 5, '2024-11-22 06:39:00');
INSERT INTO Grade (GradeID, GradeValue, WeightOfGrade, Date) VALUES (163, 2.25, 0, '2024-12-02 14:38:00');
INSERT INTO Grade (GradeID, GradeValue, WeightOfGrade, Date) VALUES (164, 4.25, 5, '2024-12-01 14:38:00');
INSERT INTO Grade (GradeID, GradeValue, WeightOfGrade, Date) VALUES (165, 1.5, 4, '2024-11-02 09:04:00');
INSERT INTO Grade (GradeID, GradeValue, WeightOfGrade, Date) VALUES (166, 3.5, 5, '2024-11-02 09:04:00');
INSERT INTO Grade (GradeID, GradeValue, WeightOfGrade, Date) VALUES (167, 5.25, 5, '2024-11-01 09:04:00');
INSERT INTO Grade (GradeID, GradeValue, WeightOfGrade, Date) VALUES (168, 4.75, 1, '2025-03-24 16:10:00');
INSERT INTO Grade (GradeID, GradeValue, WeightOfGrade, Date) VALUES (169, 3.75, 4, '2025-03-25 16:10:00');
INSERT INTO Grade (GradeID, GradeValue, WeightOfGrade, Date) VALUES (170, 5.75, 5, '2025-03-25 16:10:00');
INSERT INTO Grade (GradeID, GradeValue, WeightOfGrade, Date) VALUES (171, 2.75, 1, '2025-04-23 20:08:00');
INSERT INTO Grade (GradeID, GradeValue, WeightOfGrade, Date) VALUES (172, 2.75, 4, '2025-04-21 20:08:00');
INSERT INTO Grade (GradeID, GradeValue, WeightOfGrade, Date) VALUES (173, 5.5, 1, '2025-04-23 20:08:00');
INSERT INTO Grade (GradeID, GradeValue, WeightOfGrade, Date) VALUES (174, 2.25, 3, '2025-03-19 13:13:00');
INSERT INTO Grade (GradeID, GradeValue, WeightOfGrade, Date) VALUES (175, 1.75, 6, '2025-03-18 13:13:00');
INSERT INTO Grade (GradeID, GradeValue, WeightOfGrade, Date) VALUES (176, 2.25, 4, '2025-03-18 13:13:00');
INSERT INTO Grade (GradeID, GradeValue, WeightOfGrade, Date) VALUES (177, 4.0, 5, '2025-05-31 13:02:00');
INSERT INTO Grade (GradeID, GradeValue, WeightOfGrade, Date) VALUES (178, 2.25, 5, '2025-06-01 13:02:00');
INSERT INTO Grade (GradeID, GradeValue, WeightOfGrade, Date) VALUES (179, 3.25, 6, '2025-06-01 13:02:00');
INSERT INTO Grade (GradeID, GradeValue, WeightOfGrade, Date) VALUES (180, 1.25, 3, '2024-09-20 22:41:00');
INSERT INTO Grade (GradeID, GradeValue, WeightOfGrade, Date) VALUES (181, 3.25, 6, '2024-09-23 22:41:00');
INSERT INTO Grade (GradeID, GradeValue, WeightOfGrade, Date) VALUES (182, 5.5, 1, '2024-09-22 22:41:00');
INSERT INTO Grade (GradeID, GradeValue, WeightOfGrade, Date) VALUES (183, 4.75, 0, '2024-12-01 12:10:00');
INSERT INTO Grade (GradeID, GradeValue, WeightOfGrade, Date) VALUES (184, 5.5, 1, '2024-12-02 12:10:00');
INSERT INTO Grade (GradeID, GradeValue, WeightOfGrade, Date) VALUES (185, 2.25, 0, '2025-03-31 09:45:00');
INSERT INTO Grade (GradeID, GradeValue, WeightOfGrade, Date) VALUES (186, 4.0, 5, '2025-03-31 09:45:00');
INSERT INTO Grade (GradeID, GradeValue, WeightOfGrade, Date) VALUES (187, 2.75, 1, '2025-05-06 17:35:00');
INSERT INTO Grade (GradeID, GradeValue, WeightOfGrade, Date) VALUES (188, 3.25, 3, '2025-06-12 20:17:00');
INSERT INTO Grade (GradeID, GradeValue, WeightOfGrade, Date) VALUES (189, 5.75, 1, '2025-06-13 20:17:00');
INSERT INTO Grade (GradeID, GradeValue, WeightOfGrade, Date) VALUES (190, 5.75, 1, '2024-11-24 15:22:00');
INSERT INTO Grade (GradeID, GradeValue, WeightOfGrade, Date) VALUES (191, 5.25, 4, '2024-11-23 15:22:00');
INSERT INTO Grade (GradeID, GradeValue, WeightOfGrade, Date) VALUES (192, 6.0, 2, '2024-10-21 07:08:00');
INSERT INTO Grade (GradeID, GradeValue, WeightOfGrade, Date) VALUES (193, 2.25, 0, '2024-11-12 18:54:00');
INSERT INTO Grade (GradeID, GradeValue, WeightOfGrade, Date) VALUES (194, 3.25, 4, '2024-11-15 18:54:00');
INSERT INTO Grade (GradeID, GradeValue, WeightOfGrade, Date) VALUES (195, 3.75, 4, '2024-09-15 07:33:00');
INSERT INTO Grade (GradeID, GradeValue, WeightOfGrade, Date) VALUES (196, 4.25, 0, '2025-05-01 16:38:00');
INSERT INTO Grade (GradeID, GradeValue, WeightOfGrade, Date) VALUES (197, 2.5, 5, '2025-03-23 12:54:00');
INSERT INTO Grade (GradeID, GradeValue, WeightOfGrade, Date) VALUES (198, 4.5, 6, '2024-11-18 04:47:00');
INSERT INTO Grade (GradeID, GradeValue, WeightOfGrade, Date) VALUES (199, 3.5, 4, '2024-10-21 21:16:00');

-- Inserts for table: Class
INSERT INTO Class (ClassID, YearOfCreation) VALUES ('1A', 2024);
INSERT INTO Class (ClassID, YearOfCreation) VALUES ('1B', 2024);
INSERT INTO Class (ClassID, YearOfCreation) VALUES ('1C', 2024);
INSERT INTO Class (ClassID, YearOfCreation) VALUES ('1D', 2024);
INSERT INTO Class (ClassID, YearOfCreation) VALUES ('1E', 2024);
INSERT INTO Class (ClassID, YearOfCreation) VALUES ('2A', 2023);
INSERT INTO Class (ClassID, YearOfCreation) VALUES ('2B', 2023);
INSERT INTO Class (ClassID, YearOfCreation) VALUES ('2C', 2023);
INSERT INTO Class (ClassID, YearOfCreation) VALUES ('2D', 2023);
INSERT INTO Class (ClassID, YearOfCreation) VALUES ('2E', 2023);
INSERT INTO Class (ClassID, YearOfCreation) VALUES ('3A', 2022);
INSERT INTO Class (ClassID, YearOfCreation) VALUES ('3B', 2022);
INSERT INTO Class (ClassID, YearOfCreation) VALUES ('3C', 2022);
INSERT INTO Class (ClassID, YearOfCreation) VALUES ('3D', 2022);
INSERT INTO Class (ClassID, YearOfCreation) VALUES ('3E', 2022);
INSERT INTO Class (ClassID, YearOfCreation) VALUES ('4A', 2021);
INSERT INTO Class (ClassID, YearOfCreation) VALUES ('4B', 2021);
INSERT INTO Class (ClassID, YearOfCreation) VALUES ('4C', 2021);
INSERT INTO Class (ClassID, YearOfCreation) VALUES ('4D', 2021);
INSERT INTO Class (ClassID, YearOfCreation) VALUES ('4E', 2021);
INSERT INTO Class (ClassID, YearOfCreation) VALUES ('5A', 2020);
INSERT INTO Class (ClassID, YearOfCreation) VALUES ('5B', 2020);
INSERT INTO Class (ClassID, YearOfCreation) VALUES ('5C', 2020);
INSERT INTO Class (ClassID, YearOfCreation) VALUES ('5D', 2020);
INSERT INTO Class (ClassID, YearOfCreation) VALUES ('5E', 2020);
INSERT INTO Class (ClassID, YearOfCreation) VALUES ('6A', 2019);
INSERT INTO Class (ClassID, YearOfCreation) VALUES ('6B', 2019);
INSERT INTO Class (ClassID, YearOfCreation) VALUES ('6C', 2019);
INSERT INTO Class (ClassID, YearOfCreation) VALUES ('6D', 2019);
INSERT INTO Class (ClassID, YearOfCreation) VALUES ('6E', 2019);
INSERT INTO Class (ClassID, YearOfCreation) VALUES ('7A', 2018);
INSERT INTO Class (ClassID, YearOfCreation) VALUES ('7B', 2018);
INSERT INTO Class (ClassID, YearOfCreation) VALUES ('7C', 2018);
INSERT INTO Class (ClassID, YearOfCreation) VALUES ('7D', 2018);
INSERT INTO Class (ClassID, YearOfCreation) VALUES ('7E', 2018);
INSERT INTO Class (ClassID, YearOfCreation) VALUES ('8A', 2017);
INSERT INTO Class (ClassID, YearOfCreation) VALUES ('8B', 2017);
INSERT INTO Class (ClassID, YearOfCreation) VALUES ('8C', 2017);
INSERT INTO Class (ClassID, YearOfCreation) VALUES ('8D', 2017);
INSERT INTO Class (ClassID, YearOfCreation) VALUES ('8E', 2017);

-- Inserts for table: Semester
INSERT INTO Semester (SemesterID, Name, StartDate, EndDate, Year) VALUES (1, 'Fall 2024', '2024-09-01 00:00:00', '2024-12-20 00:00:00', 2024);
INSERT INTO Semester (SemesterID, Name, StartDate, EndDate, Year) VALUES (2, 'Spring 2025', '2025-02-01 00:00:00', '2025-06-20 00:00:00', 2025);

-- Inserts for table: Student
INSERT INTO Student (PESEL, FirstName, LastName, GuardianContact, ClassID) VALUES ('04651934454', 'Juanita', 'Washington', '+48346460215', '1B');
INSERT INTO Student (PESEL, FirstName, LastName, GuardianContact, ClassID) VALUES ('40235092490', 'Lauren', 'Holland', '+48245922674', '6E');
INSERT INTO Student (PESEL, FirstName, LastName, GuardianContact, ClassID) VALUES ('14461498738', 'Marisa', 'Smith', '+48276962343', '3B');
INSERT INTO Student (PESEL, FirstName, LastName, GuardianContact, ClassID) VALUES ('66531876665', 'Norris', 'Palermo', 'palermo@gmail.com', '8D');
INSERT INTO Student (PESEL, FirstName, LastName, GuardianContact, ClassID) VALUES ('23016884359', 'Greg', 'Roley', '+48420448866', '2A');
INSERT INTO Student (PESEL, FirstName, LastName, GuardianContact, ClassID) VALUES ('70885914523', 'Alvin', 'Ragsdale', '+48638745501', '2D');
INSERT INTO Student (PESEL, FirstName, LastName, GuardianContact, ClassID) VALUES ('79253144014', 'Charles', 'Herrmann', 'herrmann@gmail.com', '6A');
INSERT INTO Student (PESEL, FirstName, LastName, GuardianContact, ClassID) VALUES ('03858610098', 'Christa', 'White', '+48273633261', '3C');
INSERT INTO Student (PESEL, FirstName, LastName, GuardianContact, ClassID) VALUES ('75580824327', 'William', 'Ornelas', '+48269791148', '7A');
INSERT INTO Student (PESEL, FirstName, LastName, GuardianContact, ClassID) VALUES ('70304861906', 'Mary', 'Ross', 'ross@gmail.com', '4C');
INSERT INTO Student (PESEL, FirstName, LastName, GuardianContact, ClassID) VALUES ('62030808740', 'Sidney', 'Herrera', '+48319343458', '2A');
INSERT INTO Student (PESEL, FirstName, LastName, GuardianContact, ClassID) VALUES ('06641419749', 'William', 'Deans', '+48307975425', '7D');
INSERT INTO Student (PESEL, FirstName, LastName, GuardianContact, ClassID) VALUES ('09001297336', 'Gregory', 'Mitchell', 'mitchell@gmail.com', '5B');
INSERT INTO Student (PESEL, FirstName, LastName, GuardianContact, ClassID) VALUES ('59921364383', 'Lynn', 'Malcolm', 'malcolm@gmail.com', '8A');
INSERT INTO Student (PESEL, FirstName, LastName, GuardianContact, ClassID) VALUES ('86221776933', 'Margaret', 'Phillips', '+48730637763', '1A');
INSERT INTO Student (PESEL, FirstName, LastName, GuardianContact, ClassID) VALUES ('46385881826', 'Edward', 'Dossett', 'dossett@gmail.com', '8A');
INSERT INTO Student (PESEL, FirstName, LastName, GuardianContact, ClassID) VALUES ('94213478576', 'Orlando', 'Ewing', 'ewing@gmail.com', '8B');
INSERT INTO Student (PESEL, FirstName, LastName, GuardianContact, ClassID) VALUES ('40710259183', 'Eve', 'Gilbert', '+48893699235', '8E');
INSERT INTO Student (PESEL, FirstName, LastName, GuardianContact, ClassID) VALUES ('32562735940', 'Larry', 'Russo', '+48250341777', '1E');
INSERT INTO Student (PESEL, FirstName, LastName, GuardianContact, ClassID) VALUES ('55131334231', 'Tammy', 'Noble', 'noble@gmail.com', '4A');
INSERT INTO Student (PESEL, FirstName, LastName, GuardianContact, ClassID) VALUES ('32362609952', 'Steven', 'Kirch', 'kirch@gmail.com', '6E');
INSERT INTO Student (PESEL, FirstName, LastName, GuardianContact, ClassID) VALUES ('59396156344', 'Mary', 'Gonzalez', 'gonzalez@gmail.com', '8B');
INSERT INTO Student (PESEL, FirstName, LastName, GuardianContact, ClassID) VALUES ('77498693963', 'Hilda', 'Arneecher', 'arneecher@gmail.com', '2C');
INSERT INTO Student (PESEL, FirstName, LastName, GuardianContact, ClassID) VALUES ('16409284269', 'Samuel', 'Zuniga', '+48295320005', '3D');
INSERT INTO Student (PESEL, FirstName, LastName, GuardianContact, ClassID) VALUES ('39150908960', 'Antonio', 'Plummer', 'plummer@gmail.com', '8C');
INSERT INTO Student (PESEL, FirstName, LastName, GuardianContact, ClassID) VALUES ('33712572911', 'Nicole', 'Wison', 'wison@gmail.com', '3D');
INSERT INTO Student (PESEL, FirstName, LastName, GuardianContact, ClassID) VALUES ('04922602891', 'Flora', 'Mallari', 'mallari@gmail.com', '8B');
INSERT INTO Student (PESEL, FirstName, LastName, GuardianContact, ClassID) VALUES ('70692808877', 'Pat', 'Oneill', '+48428637315', '8D');
INSERT INTO Student (PESEL, FirstName, LastName, GuardianContact, ClassID) VALUES ('94362248235', 'Donald', 'Gibeau', 'gibeau@gmail.com', '7D');
INSERT INTO Student (PESEL, FirstName, LastName, GuardianContact, ClassID) VALUES ('27557080865', 'Mary', 'Robb', 'robb@gmail.com', '6B');
INSERT INTO Student (PESEL, FirstName, LastName, GuardianContact, ClassID) VALUES ('22806478516', 'Susan', 'Broussard', '+48474145611', '2E');
INSERT INTO Student (PESEL, FirstName, LastName, GuardianContact, ClassID) VALUES ('72411551849', 'Danielle', 'Clore', 'clore@gmail.com', '7B');
INSERT INTO Student (PESEL, FirstName, LastName, GuardianContact, ClassID) VALUES ('28980950626', 'Gwendolyn', 'Masters', '+48823724469', '5C');
INSERT INTO Student (PESEL, FirstName, LastName, GuardianContact, ClassID) VALUES ('19702267455', 'Corey', 'Kautz', '+48590537456', '1E');
INSERT INTO Student (PESEL, FirstName, LastName, GuardianContact, ClassID) VALUES ('02024394069', 'Patricia', 'Chaney', '+48435394682', '2E');
INSERT INTO Student (PESEL, FirstName, LastName, GuardianContact, ClassID) VALUES ('40854075702', 'Daisy', 'Huffman', 'huffman@gmail.com', '3E');
INSERT INTO Student (PESEL, FirstName, LastName, GuardianContact, ClassID) VALUES ('22331986387', 'Tracey', 'Chritton', '+48136738225', '4B');
INSERT INTO Student (PESEL, FirstName, LastName, GuardianContact, ClassID) VALUES ('05350101304', 'Shelba', 'Lopez', 'lopez@gmail.com', '4C');
INSERT INTO Student (PESEL, FirstName, LastName, GuardianContact, ClassID) VALUES ('79636840512', 'Cesar', 'Almond', 'almond@gmail.com', '4E');
INSERT INTO Student (PESEL, FirstName, LastName, GuardianContact, ClassID) VALUES ('74456886137', 'Robert', 'Deluca', '+48567299009', '3D');
INSERT INTO Student (PESEL, FirstName, LastName, GuardianContact, ClassID) VALUES ('92452099276', 'John', 'Jennings', '+48199130049', '1D');
INSERT INTO Student (PESEL, FirstName, LastName, GuardianContact, ClassID) VALUES ('53878846150', 'Rena', 'Oberst', '+48104177332', '5C');
INSERT INTO Student (PESEL, FirstName, LastName, GuardianContact, ClassID) VALUES ('91266443854', 'David', 'Schuett', '+48310562403', '3A');
INSERT INTO Student (PESEL, FirstName, LastName, GuardianContact, ClassID) VALUES ('22394301589', 'Allen', 'Ricketts', 'ricketts@gmail.com', '7B');
INSERT INTO Student (PESEL, FirstName, LastName, GuardianContact, ClassID) VALUES ('24482285756', 'Nathan', 'Gutierrez', 'gutierrez@gmail.com', '5D');
INSERT INTO Student (PESEL, FirstName, LastName, GuardianContact, ClassID) VALUES ('25501058903', 'Heather', 'Cook', '+48680357207', '4B');
INSERT INTO Student (PESEL, FirstName, LastName, GuardianContact, ClassID) VALUES ('99790450318', 'Melissa', 'Little', 'little@gmail.com', '7D');
INSERT INTO Student (PESEL, FirstName, LastName, GuardianContact, ClassID) VALUES ('23605379457', 'Joseph', 'Miles', '+48206159634', '6B');
INSERT INTO Student (PESEL, FirstName, LastName, GuardianContact, ClassID) VALUES ('03912768219', 'Bobbie', 'Williams', '+48209329752', '1D');
INSERT INTO Student (PESEL, FirstName, LastName, GuardianContact, ClassID) VALUES ('21009751012', 'Katherine', 'Yost', 'yost@gmail.com', '7B');
INSERT INTO Student (PESEL, FirstName, LastName, GuardianContact, ClassID) VALUES ('61126233052', 'Mark', 'Miceli', 'miceli@gmail.com', '7D');
INSERT INTO Student (PESEL, FirstName, LastName, GuardianContact, ClassID) VALUES ('89423965127', 'Robert', 'Conrad', '+48255235299', '2E');
INSERT INTO Student (PESEL, FirstName, LastName, GuardianContact, ClassID) VALUES ('16495539754', 'William', 'Westrom', 'westrom@gmail.com', '2B');
INSERT INTO Student (PESEL, FirstName, LastName, GuardianContact, ClassID) VALUES ('73336888003', 'Eddy', 'Marshall', 'marshall@gmail.com', '6B');
INSERT INTO Student (PESEL, FirstName, LastName, GuardianContact, ClassID) VALUES ('97644032313', 'Paul', 'Messer', '+48938131635', '8B');
INSERT INTO Student (PESEL, FirstName, LastName, GuardianContact, ClassID) VALUES ('13959690917', 'Barbara', 'Lightner', 'lightner@gmail.com', '1E');
INSERT INTO Student (PESEL, FirstName, LastName, GuardianContact, ClassID) VALUES ('60249992418', 'Angela', 'Ledford', 'ledford@gmail.com', '3C');
INSERT INTO Student (PESEL, FirstName, LastName, GuardianContact, ClassID) VALUES ('12608063152', 'Denise', 'Tompkins', 'tompkins@gmail.com', '2C');
INSERT INTO Student (PESEL, FirstName, LastName, GuardianContact, ClassID) VALUES ('27899155382', 'Debra', 'Spencer', '+48150492017', '7A');
INSERT INTO Student (PESEL, FirstName, LastName, GuardianContact, ClassID) VALUES ('49775833786', 'Doris', 'Figures', 'figures@gmail.com', '8D');

-- Inserts for table: TCS
INSERT INTO TCS (TcsID, TeacherID, ClassID, SubjectID) VALUES (1, '72578883431', '3D', 8);
INSERT INTO TCS (TcsID, TeacherID, ClassID, SubjectID) VALUES (2, '72578883431', '3D', 5);
INSERT INTO TCS (TcsID, TeacherID, ClassID, SubjectID) VALUES (3, '92643539053', '6B', 2);
INSERT INTO TCS (TcsID, TeacherID, ClassID, SubjectID) VALUES (4, '92643539053', '4B', 2);
INSERT INTO TCS (TcsID, TeacherID, ClassID, SubjectID) VALUES (5, '92643539053', '2A', 2);
INSERT INTO TCS (TcsID, TeacherID, ClassID, SubjectID) VALUES (6, '77771626119', '1D', 4);
INSERT INTO TCS (TcsID, TeacherID, ClassID, SubjectID) VALUES (7, '77771626119', '1D', 5);
INSERT INTO TCS (TcsID, TeacherID, ClassID, SubjectID) VALUES (8, '00841961079', '5C', 6);
INSERT INTO TCS (TcsID, TeacherID, ClassID, SubjectID) VALUES (9, '92135993793', '4E', 7);
INSERT INTO TCS (TcsID, TeacherID, ClassID, SubjectID) VALUES (10, '92135993793', '4E', 3);
INSERT INTO TCS (TcsID, TeacherID, ClassID, SubjectID) VALUES (11, '92135993793', '3B', 7);
INSERT INTO TCS (TcsID, TeacherID, ClassID, SubjectID) VALUES (12, '92135993793', '3B', 3);
INSERT INTO TCS (TcsID, TeacherID, ClassID, SubjectID) VALUES (13, '92135993793', '1E', 7);
INSERT INTO TCS (TcsID, TeacherID, ClassID, SubjectID) VALUES (14, '92135993793', '1E', 3);
INSERT INTO TCS (TcsID, TeacherID, ClassID, SubjectID) VALUES (15, '51675722122', '3D', 7);
INSERT INTO TCS (TcsID, TeacherID, ClassID, SubjectID) VALUES (16, '51675722122', '3D', 6);
INSERT INTO TCS (TcsID, TeacherID, ClassID, SubjectID) VALUES (17, '51675722122', '8B', 7);
INSERT INTO TCS (TcsID, TeacherID, ClassID, SubjectID) VALUES (18, '51675722122', '8B', 6);
INSERT INTO TCS (TcsID, TeacherID, ClassID, SubjectID) VALUES (19, '87890235548', '6E', 7);
INSERT INTO TCS (TcsID, TeacherID, ClassID, SubjectID) VALUES (20, '51633775600', '7D', 5);
INSERT INTO TCS (TcsID, TeacherID, ClassID, SubjectID) VALUES (21, '51633775600', '7D', 9);
INSERT INTO TCS (TcsID, TeacherID, ClassID, SubjectID) VALUES (22, '51633775600', '7D', 1);
INSERT INTO TCS (TcsID, TeacherID, ClassID, SubjectID) VALUES (23, '51633775600', '5D', 5);
INSERT INTO TCS (TcsID, TeacherID, ClassID, SubjectID) VALUES (24, '51633775600', '5D', 9);
INSERT INTO TCS (TcsID, TeacherID, ClassID, SubjectID) VALUES (25, '51633775600', '5D', 1);
INSERT INTO TCS (TcsID, TeacherID, ClassID, SubjectID) VALUES (26, '85017946688', '6B', 10);
INSERT INTO TCS (TcsID, TeacherID, ClassID, SubjectID) VALUES (27, '85017946688', '3D', 10);
INSERT INTO TCS (TcsID, TeacherID, ClassID, SubjectID) VALUES (28, '85017946688', '5C', 10);
INSERT INTO TCS (TcsID, TeacherID, ClassID, SubjectID) VALUES (29, '74969242089', '1B', 1);
INSERT INTO TCS (TcsID, TeacherID, ClassID, SubjectID) VALUES (30, '74969242089', '1B', 8);
INSERT INTO TCS (TcsID, TeacherID, ClassID, SubjectID) VALUES (31, '74969242089', '1B', 4);
INSERT INTO TCS (TcsID, TeacherID, ClassID, SubjectID) VALUES (32, '21915389362', '1E', 5);
INSERT INTO TCS (TcsID, TeacherID, ClassID, SubjectID) VALUES (33, '21915389362', '6B', 5);
INSERT INTO TCS (TcsID, TeacherID, ClassID, SubjectID) VALUES (34, '82358894870', '2B', 5);
INSERT INTO TCS (TcsID, TeacherID, ClassID, SubjectID) VALUES (35, '82358894870', '2B', 1);
INSERT INTO TCS (TcsID, TeacherID, ClassID, SubjectID) VALUES (36, '82358894870', '7A', 5);
INSERT INTO TCS (TcsID, TeacherID, ClassID, SubjectID) VALUES (37, '82358894870', '7A', 1);
INSERT INTO TCS (TcsID, TeacherID, ClassID, SubjectID) VALUES (38, '24527437918', '6A', 8);
INSERT INTO TCS (TcsID, TeacherID, ClassID, SubjectID) VALUES (39, '24527437918', '6A', 4);
INSERT INTO TCS (TcsID, TeacherID, ClassID, SubjectID) VALUES (40, '24527437918', '6A', 3);
INSERT INTO TCS (TcsID, TeacherID, ClassID, SubjectID) VALUES (41, '24527437918', '2C', 8);
INSERT INTO TCS (TcsID, TeacherID, ClassID, SubjectID) VALUES (42, '24527437918', '2C', 4);
INSERT INTO TCS (TcsID, TeacherID, ClassID, SubjectID) VALUES (43, '24527437918', '2C', 3);
INSERT INTO TCS (TcsID, TeacherID, ClassID, SubjectID) VALUES (44, '89151419372', '2E', 6);
INSERT INTO TCS (TcsID, TeacherID, ClassID, SubjectID) VALUES (45, '89151419372', '2E', 1);
INSERT INTO TCS (TcsID, TeacherID, ClassID, SubjectID) VALUES (46, '89151419372', '2E', 2);
INSERT INTO TCS (TcsID, TeacherID, ClassID, SubjectID) VALUES (47, '38990722071', '1E', 4);
INSERT INTO TCS (TcsID, TeacherID, ClassID, SubjectID) VALUES (48, '38990722071', '1E', 7);
INSERT INTO TCS (TcsID, TeacherID, ClassID, SubjectID) VALUES (49, '38990722071', '4C', 4);
INSERT INTO TCS (TcsID, TeacherID, ClassID, SubjectID) VALUES (50, '38990722071', '4C', 7);
INSERT INTO TCS (TcsID, TeacherID, ClassID, SubjectID) VALUES (51, '38990722071', '4E', 4);
INSERT INTO TCS (TcsID, TeacherID, ClassID, SubjectID) VALUES (52, '38990722071', '4E', 7);

-- Inserts for table: ClassSemester
INSERT INTO ClassSemester (ClassID, SemesterID) VALUES ('1B', 1);
INSERT INTO ClassSemester (ClassID, SemesterID) VALUES ('1B', 2);
INSERT INTO ClassSemester (ClassID, SemesterID) VALUES ('6E', 1);
INSERT INTO ClassSemester (ClassID, SemesterID) VALUES ('6E', 2);
INSERT INTO ClassSemester (ClassID, SemesterID) VALUES ('3B', 1);
INSERT INTO ClassSemester (ClassID, SemesterID) VALUES ('3B', 2);
INSERT INTO ClassSemester (ClassID, SemesterID) VALUES ('8D', 1);
INSERT INTO ClassSemester (ClassID, SemesterID) VALUES ('8D', 2);
INSERT INTO ClassSemester (ClassID, SemesterID) VALUES ('2A', 1);
INSERT INTO ClassSemester (ClassID, SemesterID) VALUES ('2A', 2);
INSERT INTO ClassSemester (ClassID, SemesterID) VALUES ('2D', 1);
INSERT INTO ClassSemester (ClassID, SemesterID) VALUES ('2D', 2);
INSERT INTO ClassSemester (ClassID, SemesterID) VALUES ('6A', 1);
INSERT INTO ClassSemester (ClassID, SemesterID) VALUES ('6A', 2);
INSERT INTO ClassSemester (ClassID, SemesterID) VALUES ('3C', 1);
INSERT INTO ClassSemester (ClassID, SemesterID) VALUES ('3C', 2);
INSERT INTO ClassSemester (ClassID, SemesterID) VALUES ('7A', 1);
INSERT INTO ClassSemester (ClassID, SemesterID) VALUES ('7A', 2);
INSERT INTO ClassSemester (ClassID, SemesterID) VALUES ('4C', 1);
INSERT INTO ClassSemester (ClassID, SemesterID) VALUES ('4C', 2);
INSERT INTO ClassSemester (ClassID, SemesterID) VALUES ('7D', 1);
INSERT INTO ClassSemester (ClassID, SemesterID) VALUES ('7D', 2);
INSERT INTO ClassSemester (ClassID, SemesterID) VALUES ('5B', 1);
INSERT INTO ClassSemester (ClassID, SemesterID) VALUES ('5B', 2);
INSERT INTO ClassSemester (ClassID, SemesterID) VALUES ('8A', 1);
INSERT INTO ClassSemester (ClassID, SemesterID) VALUES ('8A', 2);
INSERT INTO ClassSemester (ClassID, SemesterID) VALUES ('1A', 1);
INSERT INTO ClassSemester (ClassID, SemesterID) VALUES ('1A', 2);
INSERT INTO ClassSemester (ClassID, SemesterID) VALUES ('8B', 1);
INSERT INTO ClassSemester (ClassID, SemesterID) VALUES ('8B', 2);
INSERT INTO ClassSemester (ClassID, SemesterID) VALUES ('8E', 1);
INSERT INTO ClassSemester (ClassID, SemesterID) VALUES ('8E', 2);
INSERT INTO ClassSemester (ClassID, SemesterID) VALUES ('1E', 1);
INSERT INTO ClassSemester (ClassID, SemesterID) VALUES ('1E', 2);
INSERT INTO ClassSemester (ClassID, SemesterID) VALUES ('4A', 1);
INSERT INTO ClassSemester (ClassID, SemesterID) VALUES ('4A', 2);
INSERT INTO ClassSemester (ClassID, SemesterID) VALUES ('2C', 1);
INSERT INTO ClassSemester (ClassID, SemesterID) VALUES ('2C', 2);
INSERT INTO ClassSemester (ClassID, SemesterID) VALUES ('3D', 1);
INSERT INTO ClassSemester (ClassID, SemesterID) VALUES ('3D', 2);
INSERT INTO ClassSemester (ClassID, SemesterID) VALUES ('8C', 1);
INSERT INTO ClassSemester (ClassID, SemesterID) VALUES ('8C', 2);
INSERT INTO ClassSemester (ClassID, SemesterID) VALUES ('6B', 1);
INSERT INTO ClassSemester (ClassID, SemesterID) VALUES ('6B', 2);
INSERT INTO ClassSemester (ClassID, SemesterID) VALUES ('2E', 1);
INSERT INTO ClassSemester (ClassID, SemesterID) VALUES ('2E', 2);
INSERT INTO ClassSemester (ClassID, SemesterID) VALUES ('7B', 1);
INSERT INTO ClassSemester (ClassID, SemesterID) VALUES ('7B', 2);
INSERT INTO ClassSemester (ClassID, SemesterID) VALUES ('5C', 1);
INSERT INTO ClassSemester (ClassID, SemesterID) VALUES ('5C', 2);
INSERT INTO ClassSemester (ClassID, SemesterID) VALUES ('3E', 1);
INSERT INTO ClassSemester (ClassID, SemesterID) VALUES ('3E', 2);
INSERT INTO ClassSemester (ClassID, SemesterID) VALUES ('4B', 1);
INSERT INTO ClassSemester (ClassID, SemesterID) VALUES ('4B', 2);
INSERT INTO ClassSemester (ClassID, SemesterID) VALUES ('4E', 1);
INSERT INTO ClassSemester (ClassID, SemesterID) VALUES ('4E', 2);
INSERT INTO ClassSemester (ClassID, SemesterID) VALUES ('1D', 1);
INSERT INTO ClassSemester (ClassID, SemesterID) VALUES ('1D', 2);
INSERT INTO ClassSemester (ClassID, SemesterID) VALUES ('3A', 1);
INSERT INTO ClassSemester (ClassID, SemesterID) VALUES ('3A', 2);
INSERT INTO ClassSemester (ClassID, SemesterID) VALUES ('5D', 1);
INSERT INTO ClassSemester (ClassID, SemesterID) VALUES ('5D', 2);
INSERT INTO ClassSemester (ClassID, SemesterID) VALUES ('2B', 1);
INSERT INTO ClassSemester (ClassID, SemesterID) VALUES ('2B', 2);

-- Inserts for table: Assignment
INSERT INTO Assignment (AssignmentID, AssignmentName, Deadline, TcsID, SemesterID) VALUES (1, 'Exam', '2024-10-26 02:49:00', 1, 1);
INSERT INTO Assignment (AssignmentID, AssignmentName, Deadline, TcsID, SemesterID) VALUES (2, 'Exam', '2024-09-19 16:58:00', 1, 1);
INSERT INTO Assignment (AssignmentID, AssignmentName, Deadline, TcsID, SemesterID) VALUES (3, 'Homework', '2024-12-19 00:35:00', 1, 1);
INSERT INTO Assignment (AssignmentID, AssignmentName, Deadline, TcsID, SemesterID) VALUES (4, 'Test', '2024-10-20 19:32:00', 1, 1);
INSERT INTO Assignment (AssignmentID, AssignmentName, Deadline, TcsID, SemesterID) VALUES (5, 'Quiz', '2024-12-06 17:59:00', 2, 1);
INSERT INTO Assignment (AssignmentID, AssignmentName, Deadline, TcsID, SemesterID) VALUES (6, 'Quiz', '2024-09-23 19:15:00', 2, 1);
INSERT INTO Assignment (AssignmentID, AssignmentName, Deadline, TcsID, SemesterID) VALUES (7, 'Test', '2024-10-02 09:28:00', 3, 1);
INSERT INTO Assignment (AssignmentID, AssignmentName, Deadline, TcsID, SemesterID) VALUES (8, 'Project', '2024-12-03 22:45:00', 3, 1);
INSERT INTO Assignment (AssignmentID, AssignmentName, Deadline, TcsID, SemesterID) VALUES (9, 'Quiz', '2024-12-09 16:03:00', 3, 1);
INSERT INTO Assignment (AssignmentID, AssignmentName, Deadline, TcsID, SemesterID) VALUES (10, 'Exam', '2024-12-10 19:54:00', 4, 1);
INSERT INTO Assignment (AssignmentID, AssignmentName, Deadline, TcsID, SemesterID) VALUES (11, 'Homework', '2024-09-28 06:10:00', 4, 1);
INSERT INTO Assignment (AssignmentID, AssignmentName, Deadline, TcsID, SemesterID) VALUES (12, 'Homework', '2025-04-25 11:00:00', 5, 2);
INSERT INTO Assignment (AssignmentID, AssignmentName, Deadline, TcsID, SemesterID) VALUES (13, 'Project', '2025-06-04 17:26:00', 5, 2);
INSERT INTO Assignment (AssignmentID, AssignmentName, Deadline, TcsID, SemesterID) VALUES (14, 'Project', '2025-03-12 01:18:00', 5, 2);
INSERT INTO Assignment (AssignmentID, AssignmentName, Deadline, TcsID, SemesterID) VALUES (15, 'Quiz', '2024-12-02 23:51:00', 6, 1);
INSERT INTO Assignment (AssignmentID, AssignmentName, Deadline, TcsID, SemesterID) VALUES (16, 'Homework', '2024-11-15 02:48:00', 6, 1);
INSERT INTO Assignment (AssignmentID, AssignmentName, Deadline, TcsID, SemesterID) VALUES (17, 'Test', '2024-09-28 23:49:00', 6, 1);
INSERT INTO Assignment (AssignmentID, AssignmentName, Deadline, TcsID, SemesterID) VALUES (18, 'Quiz', '2024-10-01 12:20:00', 6, 1);
INSERT INTO Assignment (AssignmentID, AssignmentName, Deadline, TcsID, SemesterID) VALUES (19, 'Exam', '2024-10-14 03:12:00', 7, 1);
INSERT INTO Assignment (AssignmentID, AssignmentName, Deadline, TcsID, SemesterID) VALUES (20, 'Test', '2024-12-14 06:46:00', 7, 1);
INSERT INTO Assignment (AssignmentID, AssignmentName, Deadline, TcsID, SemesterID) VALUES (21, 'Test', '2024-09-29 23:17:00', 8, 1);
INSERT INTO Assignment (AssignmentID, AssignmentName, Deadline, TcsID, SemesterID) VALUES (22, 'Homework', '2024-10-01 15:55:00', 8, 1);
INSERT INTO Assignment (AssignmentID, AssignmentName, Deadline, TcsID, SemesterID) VALUES (23, 'Project', '2025-03-05 20:17:00', 9, 2);
INSERT INTO Assignment (AssignmentID, AssignmentName, Deadline, TcsID, SemesterID) VALUES (24, 'Quiz', '2025-04-06 03:49:00', 9, 2);
INSERT INTO Assignment (AssignmentID, AssignmentName, Deadline, TcsID, SemesterID) VALUES (25, 'Homework', '2025-06-13 14:31:00', 9, 2);
INSERT INTO Assignment (AssignmentID, AssignmentName, Deadline, TcsID, SemesterID) VALUES (26, 'Exam', '2025-02-13 20:06:00', 9, 2);
INSERT INTO Assignment (AssignmentID, AssignmentName, Deadline, TcsID, SemesterID) VALUES (27, 'Exam', '2024-09-20 13:55:00', 10, 1);
INSERT INTO Assignment (AssignmentID, AssignmentName, Deadline, TcsID, SemesterID) VALUES (28, 'Homework', '2024-11-13 17:34:00', 11, 1);
INSERT INTO Assignment (AssignmentID, AssignmentName, Deadline, TcsID, SemesterID) VALUES (29, 'Quiz', '2024-12-11 04:22:00', 11, 1);
INSERT INTO Assignment (AssignmentID, AssignmentName, Deadline, TcsID, SemesterID) VALUES (30, 'Quiz', '2024-11-26 07:34:00', 12, 1);
INSERT INTO Assignment (AssignmentID, AssignmentName, Deadline, TcsID, SemesterID) VALUES (31, 'Homework', '2024-12-18 12:27:00', 12, 1);
INSERT INTO Assignment (AssignmentID, AssignmentName, Deadline, TcsID, SemesterID) VALUES (32, 'Test', '2024-12-01 10:16:00', 12, 1);
INSERT INTO Assignment (AssignmentID, AssignmentName, Deadline, TcsID, SemesterID) VALUES (33, 'Project', '2024-09-10 10:28:00', 13, 1);
INSERT INTO Assignment (AssignmentID, AssignmentName, Deadline, TcsID, SemesterID) VALUES (34, 'Homework', '2025-04-08 09:34:00', 14, 2);
INSERT INTO Assignment (AssignmentID, AssignmentName, Deadline, TcsID, SemesterID) VALUES (35, 'Exam', '2024-10-05 00:44:00', 15, 1);
INSERT INTO Assignment (AssignmentID, AssignmentName, Deadline, TcsID, SemesterID) VALUES (36, 'Test', '2025-04-30 21:15:00', 16, 2);
INSERT INTO Assignment (AssignmentID, AssignmentName, Deadline, TcsID, SemesterID) VALUES (37, 'Test', '2025-06-10 04:32:00', 16, 2);
INSERT INTO Assignment (AssignmentID, AssignmentName, Deadline, TcsID, SemesterID) VALUES (38, 'Test', '2025-03-31 11:25:00', 17, 2);
INSERT INTO Assignment (AssignmentID, AssignmentName, Deadline, TcsID, SemesterID) VALUES (39, 'Quiz', '2025-04-07 02:28:00', 17, 2);
INSERT INTO Assignment (AssignmentID, AssignmentName, Deadline, TcsID, SemesterID) VALUES (40, 'Homework', '2025-03-13 17:23:00', 17, 2);
INSERT INTO Assignment (AssignmentID, AssignmentName, Deadline, TcsID, SemesterID) VALUES (41, 'Exam', '2024-09-15 02:38:00', 18, 1);
INSERT INTO Assignment (AssignmentID, AssignmentName, Deadline, TcsID, SemesterID) VALUES (42, 'Test', '2024-10-06 01:15:00', 18, 1);
INSERT INTO Assignment (AssignmentID, AssignmentName, Deadline, TcsID, SemesterID) VALUES (43, 'Test', '2024-09-09 23:34:00', 18, 1);
INSERT INTO Assignment (AssignmentID, AssignmentName, Deadline, TcsID, SemesterID) VALUES (44, 'Homework', '2025-02-22 15:52:00', 19, 2);
INSERT INTO Assignment (AssignmentID, AssignmentName, Deadline, TcsID, SemesterID) VALUES (45, 'Test', '2025-05-30 21:59:00', 19, 2);
INSERT INTO Assignment (AssignmentID, AssignmentName, Deadline, TcsID, SemesterID) VALUES (46, 'Homework', '2025-06-19 11:00:00', 20, 2);
INSERT INTO Assignment (AssignmentID, AssignmentName, Deadline, TcsID, SemesterID) VALUES (47, 'Exam', '2025-04-29 13:39:00', 20, 2);
INSERT INTO Assignment (AssignmentID, AssignmentName, Deadline, TcsID, SemesterID) VALUES (48, 'Test', '2025-04-22 18:12:00', 20, 2);
INSERT INTO Assignment (AssignmentID, AssignmentName, Deadline, TcsID, SemesterID) VALUES (49, 'Homework', '2025-04-02 09:16:00', 21, 2);
INSERT INTO Assignment (AssignmentID, AssignmentName, Deadline, TcsID, SemesterID) VALUES (50, 'Homework', '2025-03-01 02:54:00', 21, 2);
INSERT INTO Assignment (AssignmentID, AssignmentName, Deadline, TcsID, SemesterID) VALUES (51, 'Project', '2024-10-29 00:35:00', 22, 1);
INSERT INTO Assignment (AssignmentID, AssignmentName, Deadline, TcsID, SemesterID) VALUES (52, 'Test', '2024-11-29 22:23:00', 23, 1);
INSERT INTO Assignment (AssignmentID, AssignmentName, Deadline, TcsID, SemesterID) VALUES (53, 'Test', '2024-12-19 22:00:00', 24, 1);
INSERT INTO Assignment (AssignmentID, AssignmentName, Deadline, TcsID, SemesterID) VALUES (54, 'Test', '2024-10-29 16:15:00', 24, 1);
INSERT INTO Assignment (AssignmentID, AssignmentName, Deadline, TcsID, SemesterID) VALUES (55, 'Exam', '2024-12-10 23:49:00', 24, 1);
INSERT INTO Assignment (AssignmentID, AssignmentName, Deadline, TcsID, SemesterID) VALUES (56, 'Test', '2024-09-18 00:12:00', 25, 1);
INSERT INTO Assignment (AssignmentID, AssignmentName, Deadline, TcsID, SemesterID) VALUES (57, 'Quiz', '2024-12-05 19:57:00', 25, 1);
INSERT INTO Assignment (AssignmentID, AssignmentName, Deadline, TcsID, SemesterID) VALUES (58, 'Test', '2025-06-13 06:43:00', 26, 2);
INSERT INTO Assignment (AssignmentID, AssignmentName, Deadline, TcsID, SemesterID) VALUES (59, 'Test', '2025-02-05 03:53:00', 26, 2);
INSERT INTO Assignment (AssignmentID, AssignmentName, Deadline, TcsID, SemesterID) VALUES (60, 'Project', '2025-06-14 10:33:00', 26, 2);
INSERT INTO Assignment (AssignmentID, AssignmentName, Deadline, TcsID, SemesterID) VALUES (61, 'Test', '2025-02-07 23:56:00', 27, 2);
INSERT INTO Assignment (AssignmentID, AssignmentName, Deadline, TcsID, SemesterID) VALUES (62, 'Project', '2024-10-09 13:11:00', 28, 1);
INSERT INTO Assignment (AssignmentID, AssignmentName, Deadline, TcsID, SemesterID) VALUES (63, 'Test', '2024-09-24 13:20:00', 28, 1);
INSERT INTO Assignment (AssignmentID, AssignmentName, Deadline, TcsID, SemesterID) VALUES (64, 'Test', '2024-12-03 17:42:00', 28, 1);
INSERT INTO Assignment (AssignmentID, AssignmentName, Deadline, TcsID, SemesterID) VALUES (65, 'Exam', '2024-12-04 05:32:00', 28, 1);
INSERT INTO Assignment (AssignmentID, AssignmentName, Deadline, TcsID, SemesterID) VALUES (66, 'Exam', '2025-02-06 12:57:00', 29, 2);
INSERT INTO Assignment (AssignmentID, AssignmentName, Deadline, TcsID, SemesterID) VALUES (67, 'Homework', '2025-06-02 14:33:00', 29, 2);
INSERT INTO Assignment (AssignmentID, AssignmentName, Deadline, TcsID, SemesterID) VALUES (68, 'Homework', '2025-05-09 17:10:00', 30, 2);
INSERT INTO Assignment (AssignmentID, AssignmentName, Deadline, TcsID, SemesterID) VALUES (69, 'Project', '2025-04-23 10:09:00', 30, 2);
INSERT INTO Assignment (AssignmentID, AssignmentName, Deadline, TcsID, SemesterID) VALUES (70, 'Quiz', '2025-05-21 12:54:00', 30, 2);
INSERT INTO Assignment (AssignmentID, AssignmentName, Deadline, TcsID, SemesterID) VALUES (71, 'Exam', '2025-05-10 02:17:00', 30, 2);
INSERT INTO Assignment (AssignmentID, AssignmentName, Deadline, TcsID, SemesterID) VALUES (72, 'Quiz', '2024-09-02 00:14:00', 31, 1);
INSERT INTO Assignment (AssignmentID, AssignmentName, Deadline, TcsID, SemesterID) VALUES (73, 'Test', '2024-10-31 17:45:00', 31, 1);
INSERT INTO Assignment (AssignmentID, AssignmentName, Deadline, TcsID, SemesterID) VALUES (74, 'Project', '2025-06-07 10:50:00', 32, 2);
INSERT INTO Assignment (AssignmentID, AssignmentName, Deadline, TcsID, SemesterID) VALUES (75, 'Quiz', '2025-04-03 14:22:00', 32, 2);
INSERT INTO Assignment (AssignmentID, AssignmentName, Deadline, TcsID, SemesterID) VALUES (76, 'Exam', '2024-09-21 07:35:00', 33, 1);
INSERT INTO Assignment (AssignmentID, AssignmentName, Deadline, TcsID, SemesterID) VALUES (77, 'Project', '2024-12-20 07:47:00', 33, 1);
INSERT INTO Assignment (AssignmentID, AssignmentName, Deadline, TcsID, SemesterID) VALUES (78, 'Exam', '2025-03-31 14:05:00', 34, 2);
INSERT INTO Assignment (AssignmentID, AssignmentName, Deadline, TcsID, SemesterID) VALUES (79, 'Test', '2025-03-14 06:39:00', 34, 2);
INSERT INTO Assignment (AssignmentID, AssignmentName, Deadline, TcsID, SemesterID) VALUES (80, 'Exam', '2025-03-04 20:08:00', 34, 2);
INSERT INTO Assignment (AssignmentID, AssignmentName, Deadline, TcsID, SemesterID) VALUES (81, 'Quiz', '2025-02-15 17:06:00', 34, 2);
INSERT INTO Assignment (AssignmentID, AssignmentName, Deadline, TcsID, SemesterID) VALUES (82, 'Project', '2025-04-12 11:49:00', 35, 2);
INSERT INTO Assignment (AssignmentID, AssignmentName, Deadline, TcsID, SemesterID) VALUES (83, 'Exam', '2025-03-26 01:49:00', 35, 2);
INSERT INTO Assignment (AssignmentID, AssignmentName, Deadline, TcsID, SemesterID) VALUES (84, 'Quiz', '2025-02-03 18:00:00', 35, 2);
INSERT INTO Assignment (AssignmentID, AssignmentName, Deadline, TcsID, SemesterID) VALUES (85, 'Exam', '2025-05-02 07:53:00', 35, 2);
INSERT INTO Assignment (AssignmentID, AssignmentName, Deadline, TcsID, SemesterID) VALUES (86, 'Test', '2025-05-16 08:10:00', 36, 2);
INSERT INTO Assignment (AssignmentID, AssignmentName, Deadline, TcsID, SemesterID) VALUES (87, 'Quiz', '2025-03-30 14:46:00', 36, 2);
INSERT INTO Assignment (AssignmentID, AssignmentName, Deadline, TcsID, SemesterID) VALUES (88, 'Homework', '2025-04-27 08:54:00', 36, 2);
INSERT INTO Assignment (AssignmentID, AssignmentName, Deadline, TcsID, SemesterID) VALUES (89, 'Quiz', '2025-02-26 23:34:00', 36, 2);
INSERT INTO Assignment (AssignmentID, AssignmentName, Deadline, TcsID, SemesterID) VALUES (90, 'Homework', '2024-11-24 16:40:00', 37, 1);
INSERT INTO Assignment (AssignmentID, AssignmentName, Deadline, TcsID, SemesterID) VALUES (91, 'Exam', '2024-12-12 03:10:00', 37, 1);
INSERT INTO Assignment (AssignmentID, AssignmentName, Deadline, TcsID, SemesterID) VALUES (92, 'Test', '2024-11-13 05:58:00', 38, 1);
INSERT INTO Assignment (AssignmentID, AssignmentName, Deadline, TcsID, SemesterID) VALUES (93, 'Homework', '2025-04-19 23:48:00', 39, 2);
INSERT INTO Assignment (AssignmentID, AssignmentName, Deadline, TcsID, SemesterID) VALUES (94, 'Test', '2024-11-01 08:18:00', 40, 1);
INSERT INTO Assignment (AssignmentID, AssignmentName, Deadline, TcsID, SemesterID) VALUES (95, 'Test', '2024-09-04 01:34:00', 41, 1);
INSERT INTO Assignment (AssignmentID, AssignmentName, Deadline, TcsID, SemesterID) VALUES (96, 'Homework', '2024-11-11 15:28:00', 41, 1);
INSERT INTO Assignment (AssignmentID, AssignmentName, Deadline, TcsID, SemesterID) VALUES (97, 'Project', '2024-09-23 02:41:00', 42, 1);
INSERT INTO Assignment (AssignmentID, AssignmentName, Deadline, TcsID, SemesterID) VALUES (98, 'Homework', '2024-09-06 10:17:00', 42, 1);
INSERT INTO Assignment (AssignmentID, AssignmentName, Deadline, TcsID, SemesterID) VALUES (99, 'Quiz', '2024-10-04 18:48:00', 42, 1);
INSERT INTO Assignment (AssignmentID, AssignmentName, Deadline, TcsID, SemesterID) VALUES (100, 'Test', '2024-12-18 22:42:00', 43, 1);
INSERT INTO Assignment (AssignmentID, AssignmentName, Deadline, TcsID, SemesterID) VALUES (101, 'Quiz', '2024-12-08 02:45:00', 43, 1);
INSERT INTO Assignment (AssignmentID, AssignmentName, Deadline, TcsID, SemesterID) VALUES (102, 'Test', '2024-11-23 13:18:00', 44, 1);
INSERT INTO Assignment (AssignmentID, AssignmentName, Deadline, TcsID, SemesterID) VALUES (103, 'Exam', '2024-11-19 06:39:00', 45, 1);
INSERT INTO Assignment (AssignmentID, AssignmentName, Deadline, TcsID, SemesterID) VALUES (104, 'Quiz', '2024-11-30 14:38:00', 45, 1);
INSERT INTO Assignment (AssignmentID, AssignmentName, Deadline, TcsID, SemesterID) VALUES (105, 'Exam', '2024-10-30 09:04:00', 45, 1);
INSERT INTO Assignment (AssignmentID, AssignmentName, Deadline, TcsID, SemesterID) VALUES (106, 'Exam', '2025-03-22 16:10:00', 46, 2);
INSERT INTO Assignment (AssignmentID, AssignmentName, Deadline, TcsID, SemesterID) VALUES (107, 'Exam', '2025-04-20 20:08:00', 46, 2);
INSERT INTO Assignment (AssignmentID, AssignmentName, Deadline, TcsID, SemesterID) VALUES (108, 'Homework', '2025-03-18 13:13:00', 46, 2);
INSERT INTO Assignment (AssignmentID, AssignmentName, Deadline, TcsID, SemesterID) VALUES (109, 'Homework', '2025-05-29 13:02:00', 46, 2);
INSERT INTO Assignment (AssignmentID, AssignmentName, Deadline, TcsID, SemesterID) VALUES (110, 'Homework', '2024-09-20 22:41:00', 47, 1);
INSERT INTO Assignment (AssignmentID, AssignmentName, Deadline, TcsID, SemesterID) VALUES (111, 'Quiz', '2024-11-29 12:10:00', 48, 1);
INSERT INTO Assignment (AssignmentID, AssignmentName, Deadline, TcsID, SemesterID) VALUES (112, 'Quiz', '2025-03-30 09:45:00', 49, 2);
INSERT INTO Assignment (AssignmentID, AssignmentName, Deadline, TcsID, SemesterID) VALUES (113, 'Quiz', '2025-05-03 17:35:00', 49, 2);
INSERT INTO Assignment (AssignmentID, AssignmentName, Deadline, TcsID, SemesterID) VALUES (114, 'Project', '2025-06-11 20:17:00', 49, 2);
INSERT INTO Assignment (AssignmentID, AssignmentName, Deadline, TcsID, SemesterID) VALUES (115, 'Project', '2024-11-21 15:22:00', 50, 1);
INSERT INTO Assignment (AssignmentID, AssignmentName, Deadline, TcsID, SemesterID) VALUES (116, 'Project', '2024-10-20 07:08:00', 50, 1);
INSERT INTO Assignment (AssignmentID, AssignmentName, Deadline, TcsID, SemesterID) VALUES (117, 'Test', '2024-11-12 18:54:00', 50, 1);
INSERT INTO Assignment (AssignmentID, AssignmentName, Deadline, TcsID, SemesterID) VALUES (118, 'Homework', '2024-09-12 07:33:00', 50, 1);
INSERT INTO Assignment (AssignmentID, AssignmentName, Deadline, TcsID, SemesterID) VALUES (119, 'Test', '2025-05-01 16:38:00', 51, 2);
INSERT INTO Assignment (AssignmentID, AssignmentName, Deadline, TcsID, SemesterID) VALUES (120, 'Exam', '2025-03-21 12:54:00', 51, 2);
INSERT INTO Assignment (AssignmentID, AssignmentName, Deadline, TcsID, SemesterID) VALUES (121, 'Quiz', '2024-11-20 16:11:00', 52, 1);
INSERT INTO Assignment (AssignmentID, AssignmentName, Deadline, TcsID, SemesterID) VALUES (122, 'Exam', '2024-12-05 14:42:00', 52, 1);
INSERT INTO Assignment (AssignmentID, AssignmentName, Deadline, TcsID, SemesterID) VALUES (123, 'Exam', '2024-11-16 04:47:00', 52, 1);
INSERT INTO Assignment (AssignmentID, AssignmentName, Deadline, TcsID, SemesterID) VALUES (124, 'Test', '2024-10-21 21:16:00', 52, 1);

-- Inserts for table: StudentAssignment
INSERT INTO StudentAssignment (StudentID, AssignmentID, SubmissionDate, GradeID) VALUES ('16409284269', 1, '2024-10-23 02:49:00', 1);
INSERT INTO StudentAssignment (StudentID, AssignmentID, SubmissionDate, GradeID) VALUES ('74456886137', 1, '2024-10-21 02:49:00', 2);
INSERT INTO StudentAssignment (StudentID, AssignmentID, SubmissionDate, GradeID) VALUES ('33712572911', 1, '2024-10-23 02:49:00', 3);
INSERT INTO StudentAssignment (StudentID, AssignmentID, SubmissionDate, GradeID) VALUES ('16409284269', 2, '2024-09-16 16:58:00', 4);
INSERT INTO StudentAssignment (StudentID, AssignmentID, SubmissionDate, GradeID) VALUES ('33712572911', 2, '2024-09-19 16:58:00', 5);
INSERT INTO StudentAssignment (StudentID, AssignmentID, SubmissionDate, GradeID) VALUES ('74456886137', 2, '2024-09-18 16:58:00', 6);
INSERT INTO StudentAssignment (StudentID, AssignmentID, SubmissionDate, GradeID) VALUES ('33712572911', 3, '2024-12-19 00:35:00', 7);
INSERT INTO StudentAssignment (StudentID, AssignmentID, SubmissionDate, GradeID) VALUES ('16409284269', 3, '2024-12-19 00:35:00', 8);
INSERT INTO StudentAssignment (StudentID, AssignmentID, SubmissionDate, GradeID) VALUES ('16409284269', 4, '2024-10-16 19:32:00', 9);
INSERT INTO StudentAssignment (StudentID, AssignmentID, SubmissionDate, GradeID) VALUES ('33712572911', 4, '2024-10-15 19:32:00', 10);
INSERT INTO StudentAssignment (StudentID, AssignmentID, SubmissionDate, GradeID) VALUES ('74456886137', 4, '2024-10-17 19:32:00', 11);
INSERT INTO StudentAssignment (StudentID, AssignmentID, SubmissionDate, GradeID) VALUES ('33712572911', 5, '2024-12-05 17:59:00', 12);
INSERT INTO StudentAssignment (StudentID, AssignmentID, SubmissionDate, GradeID) VALUES ('16409284269', 5, '2024-12-04 17:59:00', 13);
INSERT INTO StudentAssignment (StudentID, AssignmentID, SubmissionDate, GradeID) VALUES ('74456886137', 5, '2024-12-04 17:59:00', 14);
INSERT INTO StudentAssignment (StudentID, AssignmentID, SubmissionDate, GradeID) VALUES ('33712572911', 6, '2024-09-18 19:15:00', 15);
INSERT INTO StudentAssignment (StudentID, AssignmentID, SubmissionDate, GradeID) VALUES ('74456886137', 6, '2024-09-22 19:15:00', 16);
INSERT INTO StudentAssignment (StudentID, AssignmentID, SubmissionDate, GradeID) VALUES ('23605379457', 7, '2024-10-02 09:28:00', 17);
INSERT INTO StudentAssignment (StudentID, AssignmentID, SubmissionDate, GradeID) VALUES ('27557080865', 7, '2024-09-28 09:28:00', 18);
INSERT INTO StudentAssignment (StudentID, AssignmentID, SubmissionDate, GradeID) VALUES ('73336888003', 7, '2024-09-27 09:28:00', 19);
INSERT INTO StudentAssignment (StudentID, AssignmentID, SubmissionDate, GradeID) VALUES ('27557080865', 8, '2024-11-28 22:45:00', 20);
INSERT INTO StudentAssignment (StudentID, AssignmentID, SubmissionDate, GradeID) VALUES ('73336888003', 8, '2024-12-03 22:45:00', 21);
INSERT INTO StudentAssignment (StudentID, AssignmentID, SubmissionDate, GradeID) VALUES ('23605379457', 9, '2024-12-05 16:03:00', 22);
INSERT INTO StudentAssignment (StudentID, AssignmentID, SubmissionDate, GradeID) VALUES ('27557080865', 9, '2024-12-07 16:03:00', 23);
INSERT INTO StudentAssignment (StudentID, AssignmentID, SubmissionDate, GradeID) VALUES ('22331986387', 10, '2024-12-07 19:54:00', 24);
INSERT INTO StudentAssignment (StudentID, AssignmentID, SubmissionDate, GradeID) VALUES ('22331986387', 11, '2024-09-25 06:10:00', 25);
INSERT INTO StudentAssignment (StudentID, AssignmentID, SubmissionDate, GradeID) VALUES ('25501058903', 11, '2024-09-24 06:10:00', 26);
INSERT INTO StudentAssignment (StudentID, AssignmentID, SubmissionDate, GradeID) VALUES ('23016884359', 12, '2025-04-25 11:00:00', 27);
INSERT INTO StudentAssignment (StudentID, AssignmentID, SubmissionDate, GradeID) VALUES ('62030808740', 13, '2025-06-01 17:26:00', 28);
INSERT INTO StudentAssignment (StudentID, AssignmentID, SubmissionDate, GradeID) VALUES ('23016884359', 13, '2025-06-04 17:26:00', 29);
INSERT INTO StudentAssignment (StudentID, AssignmentID, SubmissionDate, GradeID) VALUES ('23016884359', 14, '2025-03-08 01:18:00', 30);
INSERT INTO StudentAssignment (StudentID, AssignmentID, SubmissionDate, GradeID) VALUES ('92452099276', 15, '2024-11-27 23:51:00', 31);
INSERT INTO StudentAssignment (StudentID, AssignmentID, SubmissionDate, GradeID) VALUES ('03912768219', 15, '2024-11-29 23:51:00', 32);
INSERT INTO StudentAssignment (StudentID, AssignmentID, SubmissionDate, GradeID) VALUES ('92452099276', 16, '2024-11-12 02:48:00', 33);
INSERT INTO StudentAssignment (StudentID, AssignmentID, SubmissionDate, GradeID) VALUES ('92452099276', 17, '2024-09-26 23:49:00', 34);
INSERT INTO StudentAssignment (StudentID, AssignmentID, SubmissionDate, GradeID) VALUES ('03912768219', 17, '2024-09-23 23:49:00', 35);
INSERT INTO StudentAssignment (StudentID, AssignmentID, SubmissionDate, GradeID) VALUES ('03912768219', 18, '2024-09-29 12:20:00', 36);
INSERT INTO StudentAssignment (StudentID, AssignmentID, SubmissionDate, GradeID) VALUES ('92452099276', 19, '2024-10-10 03:12:00', 37);
INSERT INTO StudentAssignment (StudentID, AssignmentID, SubmissionDate, GradeID) VALUES ('03912768219', 19, '2024-10-12 03:12:00', 38);
INSERT INTO StudentAssignment (StudentID, AssignmentID, SubmissionDate, GradeID) VALUES ('92452099276', 20, '2024-12-12 06:46:00', 39);
INSERT INTO StudentAssignment (StudentID, AssignmentID, SubmissionDate, GradeID) VALUES ('03912768219', 20, '2024-12-12 06:46:00', 40);
INSERT INTO StudentAssignment (StudentID, AssignmentID, SubmissionDate, GradeID) VALUES ('28980950626', 21, '2024-09-26 23:17:00', 41);
INSERT INTO StudentAssignment (StudentID, AssignmentID, SubmissionDate, GradeID) VALUES ('53878846150', 21, '2024-09-29 23:17:00', 42);
INSERT INTO StudentAssignment (StudentID, AssignmentID, SubmissionDate, GradeID) VALUES ('28980950626', 22, '2024-10-01 15:55:00', 43);
INSERT INTO StudentAssignment (StudentID, AssignmentID, SubmissionDate, GradeID) VALUES ('53878846150', 22, '2024-09-27 15:55:00', 44);
INSERT INTO StudentAssignment (StudentID, AssignmentID, SubmissionDate, GradeID) VALUES ('79636840512', 26, '2025-02-10 20:06:00', 45);
INSERT INTO StudentAssignment (StudentID, AssignmentID, SubmissionDate, GradeID) VALUES ('79636840512', 27, '2024-09-20 13:55:00', 46);
INSERT INTO StudentAssignment (StudentID, AssignmentID, SubmissionDate, GradeID) VALUES ('14461498738', 28, '2024-11-10 17:34:00', 47);
INSERT INTO StudentAssignment (StudentID, AssignmentID, SubmissionDate, GradeID) VALUES ('14461498738', 29, '2024-12-10 04:22:00', 48);
INSERT INTO StudentAssignment (StudentID, AssignmentID, SubmissionDate, GradeID) VALUES ('19702267455', 33, '2024-09-06 10:28:00', 49);
INSERT INTO StudentAssignment (StudentID, AssignmentID, SubmissionDate, GradeID) VALUES ('13959690917', 33, '2024-09-05 10:28:00', 50);
INSERT INTO StudentAssignment (StudentID, AssignmentID, SubmissionDate, GradeID) VALUES ('32562735940', 34, '2025-04-08 09:34:00', 51);
INSERT INTO StudentAssignment (StudentID, AssignmentID, SubmissionDate, GradeID) VALUES ('19702267455', 34, '2025-04-03 09:34:00', 52);
INSERT INTO StudentAssignment (StudentID, AssignmentID, SubmissionDate, GradeID) VALUES ('74456886137', 35, '2024-10-03 00:44:00', 53);
INSERT INTO StudentAssignment (StudentID, AssignmentID, SubmissionDate, GradeID) VALUES ('16409284269', 35, '2024-10-04 00:44:00', 54);
INSERT INTO StudentAssignment (StudentID, AssignmentID, SubmissionDate, GradeID) VALUES ('16409284269', 36, '2025-04-28 21:15:00', 55);
INSERT INTO StudentAssignment (StudentID, AssignmentID, SubmissionDate, GradeID) VALUES ('74456886137', 36, '2025-04-26 21:15:00', 56);
INSERT INTO StudentAssignment (StudentID, AssignmentID, SubmissionDate, GradeID) VALUES ('33712572911', 36, '2025-04-25 21:15:00', 57);
INSERT INTO StudentAssignment (StudentID, AssignmentID, SubmissionDate, GradeID) VALUES ('16409284269', 37, '2025-06-07 04:32:00', 58);
INSERT INTO StudentAssignment (StudentID, AssignmentID, SubmissionDate, GradeID) VALUES ('74456886137', 37, '2025-06-05 04:32:00', 59);
INSERT INTO StudentAssignment (StudentID, AssignmentID, SubmissionDate, GradeID) VALUES ('59396156344', 38, '2025-03-26 11:25:00', 60);
INSERT INTO StudentAssignment (StudentID, AssignmentID, SubmissionDate, GradeID) VALUES ('04922602891', 38, '2025-03-26 11:25:00', 61);
INSERT INTO StudentAssignment (StudentID, AssignmentID, SubmissionDate, GradeID) VALUES ('97644032313', 38, '2025-03-26 11:25:00', 62);
INSERT INTO StudentAssignment (StudentID, AssignmentID, SubmissionDate, GradeID) VALUES ('94213478576', 38, '2025-03-27 11:25:00', 63);
INSERT INTO StudentAssignment (StudentID, AssignmentID, SubmissionDate, GradeID) VALUES ('04922602891', 39, '2025-04-04 02:28:00', 64);
INSERT INTO StudentAssignment (StudentID, AssignmentID, SubmissionDate, GradeID) VALUES ('59396156344', 39, '2025-04-07 02:28:00', 65);
INSERT INTO StudentAssignment (StudentID, AssignmentID, SubmissionDate, GradeID) VALUES ('97644032313', 39, '2025-04-06 02:28:00', 66);
INSERT INTO StudentAssignment (StudentID, AssignmentID, SubmissionDate, GradeID) VALUES ('94213478576', 39, '2025-04-07 02:28:00', 67);
INSERT INTO StudentAssignment (StudentID, AssignmentID, SubmissionDate, GradeID) VALUES ('94213478576', 40, '2025-03-13 17:23:00', 68);
INSERT INTO StudentAssignment (StudentID, AssignmentID, SubmissionDate, GradeID) VALUES ('59396156344', 40, '2025-03-10 17:23:00', 69);
INSERT INTO StudentAssignment (StudentID, AssignmentID, SubmissionDate, GradeID) VALUES ('04922602891', 40, '2025-03-09 17:23:00', 70);
INSERT INTO StudentAssignment (StudentID, AssignmentID, SubmissionDate, GradeID) VALUES ('97644032313', 41, '2024-09-11 02:38:00', 71);
INSERT INTO StudentAssignment (StudentID, AssignmentID, SubmissionDate, GradeID) VALUES ('04922602891', 41, '2024-09-13 02:38:00', 72);
INSERT INTO StudentAssignment (StudentID, AssignmentID, SubmissionDate, GradeID) VALUES ('94213478576', 41, '2024-09-10 02:38:00', 73);
INSERT INTO StudentAssignment (StudentID, AssignmentID, SubmissionDate, GradeID) VALUES ('59396156344', 41, '2024-09-14 02:38:00', 74);
INSERT INTO StudentAssignment (StudentID, AssignmentID, SubmissionDate, GradeID) VALUES ('94213478576', 42, '2024-10-02 01:15:00', 75);
INSERT INTO StudentAssignment (StudentID, AssignmentID, SubmissionDate, GradeID) VALUES ('97644032313', 42, '2024-10-06 01:15:00', 76);
INSERT INTO StudentAssignment (StudentID, AssignmentID, SubmissionDate, GradeID) VALUES ('94213478576', 43, '2024-09-05 23:34:00', 77);
INSERT INTO StudentAssignment (StudentID, AssignmentID, SubmissionDate, GradeID) VALUES ('59396156344', 43, '2024-09-06 23:34:00', 78);
INSERT INTO StudentAssignment (StudentID, AssignmentID, SubmissionDate, GradeID) VALUES ('97644032313', 43, '2024-09-06 23:34:00', 79);
INSERT INTO StudentAssignment (StudentID, AssignmentID, SubmissionDate, GradeID) VALUES ('04922602891', 43, '2024-09-09 23:34:00', 80);
INSERT INTO StudentAssignment (StudentID, AssignmentID, SubmissionDate, GradeID) VALUES ('32362609952', 44, '2025-02-18 15:52:00', 81);
INSERT INTO StudentAssignment (StudentID, AssignmentID, SubmissionDate, GradeID) VALUES ('40235092490', 44, '2025-02-22 15:52:00', 82);
INSERT INTO StudentAssignment (StudentID, AssignmentID, SubmissionDate, GradeID) VALUES ('40235092490', 45, '2025-05-26 21:59:00', 83);
INSERT INTO StudentAssignment (StudentID, AssignmentID, SubmissionDate, GradeID) VALUES ('32362609952', 45, '2025-05-27 21:59:00', 84);
INSERT INTO StudentAssignment (StudentID, AssignmentID, SubmissionDate, GradeID) VALUES ('61126233052', 46, '2025-06-16 11:00:00', 85);
INSERT INTO StudentAssignment (StudentID, AssignmentID, SubmissionDate, GradeID) VALUES ('99790450318', 46, '2025-06-17 11:00:00', 86);
INSERT INTO StudentAssignment (StudentID, AssignmentID, SubmissionDate, GradeID) VALUES ('99790450318', 47, '2025-04-28 13:39:00', 87);
INSERT INTO StudentAssignment (StudentID, AssignmentID, SubmissionDate, GradeID) VALUES ('94362248235', 47, '2025-04-27 13:39:00', 88);
INSERT INTO StudentAssignment (StudentID, AssignmentID, SubmissionDate, GradeID) VALUES ('61126233052', 47, '2025-04-24 13:39:00', 89);
INSERT INTO StudentAssignment (StudentID, AssignmentID, SubmissionDate, GradeID) VALUES ('06641419749', 47, '2025-04-24 13:39:00', 90);
INSERT INTO StudentAssignment (StudentID, AssignmentID, SubmissionDate, GradeID) VALUES ('94362248235', 48, '2025-04-18 18:12:00', 91);
INSERT INTO StudentAssignment (StudentID, AssignmentID, SubmissionDate, GradeID) VALUES ('06641419749', 48, '2025-04-21 18:12:00', 92);
INSERT INTO StudentAssignment (StudentID, AssignmentID, SubmissionDate, GradeID) VALUES ('61126233052', 49, '2025-04-02 09:16:00', 93);
INSERT INTO StudentAssignment (StudentID, AssignmentID, SubmissionDate, GradeID) VALUES ('99790450318', 49, '2025-03-30 09:16:00', 94);
INSERT INTO StudentAssignment (StudentID, AssignmentID, SubmissionDate, GradeID) VALUES ('99790450318', 50, '2025-02-26 02:54:00', 95);
INSERT INTO StudentAssignment (StudentID, AssignmentID, SubmissionDate, GradeID) VALUES ('61126233052', 50, '2025-03-01 02:54:00', 96);
INSERT INTO StudentAssignment (StudentID, AssignmentID, SubmissionDate, GradeID) VALUES ('99790450318', 51, '2024-10-29 00:35:00', 97);
INSERT INTO StudentAssignment (StudentID, AssignmentID, SubmissionDate, GradeID) VALUES ('61126233052', 51, '2024-10-28 00:35:00', 98);
INSERT INTO StudentAssignment (StudentID, AssignmentID, SubmissionDate, GradeID) VALUES ('94362248235', 51, '2024-10-27 00:35:00', 99);
INSERT INTO StudentAssignment (StudentID, AssignmentID, SubmissionDate, GradeID) VALUES ('24482285756', 57, '2024-12-04 19:57:00', 100);
INSERT INTO StudentAssignment (StudentID, AssignmentID, SubmissionDate, GradeID) VALUES ('27557080865', 58, '2025-06-08 06:43:00', 101);
INSERT INTO StudentAssignment (StudentID, AssignmentID, SubmissionDate, GradeID) VALUES ('23605379457', 58, '2025-06-10 06:43:00', 102);
INSERT INTO StudentAssignment (StudentID, AssignmentID, SubmissionDate, GradeID) VALUES ('23605379457', 59, '2025-02-03 03:53:00', 103);
INSERT INTO StudentAssignment (StudentID, AssignmentID, SubmissionDate, GradeID) VALUES ('73336888003', 59, '2025-01-31 03:53:00', 104);
INSERT INTO StudentAssignment (StudentID, AssignmentID, SubmissionDate, GradeID) VALUES ('73336888003', 60, '2025-06-12 10:33:00', 105);
INSERT INTO StudentAssignment (StudentID, AssignmentID, SubmissionDate, GradeID) VALUES ('27557080865', 60, '2025-06-09 10:33:00', 106);
INSERT INTO StudentAssignment (StudentID, AssignmentID, SubmissionDate, GradeID) VALUES ('23605379457', 60, '2025-06-09 10:33:00', 107);
INSERT INTO StudentAssignment (StudentID, AssignmentID, SubmissionDate, GradeID) VALUES ('33712572911', 61, '2025-02-02 23:56:00', 108);
INSERT INTO StudentAssignment (StudentID, AssignmentID, SubmissionDate, GradeID) VALUES ('74456886137', 61, '2025-02-04 23:56:00', 109);
INSERT INTO StudentAssignment (StudentID, AssignmentID, SubmissionDate, GradeID) VALUES ('16409284269', 61, '2025-02-06 23:56:00', 110);
INSERT INTO StudentAssignment (StudentID, AssignmentID, SubmissionDate, GradeID) VALUES ('53878846150', 62, '2024-10-06 13:11:00', 111);
INSERT INTO StudentAssignment (StudentID, AssignmentID, SubmissionDate, GradeID) VALUES ('53878846150', 63, '2024-09-20 13:20:00', 112);
INSERT INTO StudentAssignment (StudentID, AssignmentID, SubmissionDate, GradeID) VALUES ('28980950626', 63, '2024-09-20 13:20:00', 113);
INSERT INTO StudentAssignment (StudentID, AssignmentID, SubmissionDate, GradeID) VALUES ('53878846150', 64, '2024-12-02 17:42:00', 114);
INSERT INTO StudentAssignment (StudentID, AssignmentID, SubmissionDate, GradeID) VALUES ('53878846150', 65, '2024-11-29 05:32:00', 115);
INSERT INTO StudentAssignment (StudentID, AssignmentID, SubmissionDate, GradeID) VALUES ('04651934454', 69, '2025-04-18 10:09:00', 116);
INSERT INTO StudentAssignment (StudentID, AssignmentID, SubmissionDate, GradeID) VALUES ('04651934454', 73, '2024-10-30 17:45:00', 117);
INSERT INTO StudentAssignment (StudentID, AssignmentID, SubmissionDate, GradeID) VALUES ('19702267455', 74, '2025-06-05 10:50:00', 118);
INSERT INTO StudentAssignment (StudentID, AssignmentID, SubmissionDate, GradeID) VALUES ('13959690917', 74, '2025-06-04 10:50:00', 119);
INSERT INTO StudentAssignment (StudentID, AssignmentID, SubmissionDate, GradeID) VALUES ('32562735940', 74, '2025-06-03 10:50:00', 120);
INSERT INTO StudentAssignment (StudentID, AssignmentID, SubmissionDate, GradeID) VALUES ('19702267455', 75, '2025-03-29 14:22:00', 121);
INSERT INTO StudentAssignment (StudentID, AssignmentID, SubmissionDate, GradeID) VALUES ('13959690917', 75, '2025-04-03 14:22:00', 122);
INSERT INTO StudentAssignment (StudentID, AssignmentID, SubmissionDate, GradeID) VALUES ('23605379457', 76, '2024-09-20 07:35:00', 123);
INSERT INTO StudentAssignment (StudentID, AssignmentID, SubmissionDate, GradeID) VALUES ('73336888003', 76, '2024-09-20 07:35:00', 124);
INSERT INTO StudentAssignment (StudentID, AssignmentID, SubmissionDate, GradeID) VALUES ('23605379457', 77, '2024-12-16 07:47:00', 125);
INSERT INTO StudentAssignment (StudentID, AssignmentID, SubmissionDate, GradeID) VALUES ('73336888003', 77, '2024-12-20 07:47:00', 126);
INSERT INTO StudentAssignment (StudentID, AssignmentID, SubmissionDate, GradeID) VALUES ('27557080865', 77, '2024-12-15 07:47:00', 127);
INSERT INTO StudentAssignment (StudentID, AssignmentID, SubmissionDate, GradeID) VALUES ('16495539754', 78, '2025-03-26 14:05:00', 128);
INSERT INTO StudentAssignment (StudentID, AssignmentID, SubmissionDate, GradeID) VALUES ('16495539754', 80, '2025-02-27 20:08:00', 129);
INSERT INTO StudentAssignment (StudentID, AssignmentID, SubmissionDate, GradeID) VALUES ('16495539754', 81, '2025-02-14 17:06:00', 130);
INSERT INTO StudentAssignment (StudentID, AssignmentID, SubmissionDate, GradeID) VALUES ('16495539754', 83, '2025-03-23 01:49:00', 131);
INSERT INTO StudentAssignment (StudentID, AssignmentID, SubmissionDate, GradeID) VALUES ('27899155382', 86, '2025-05-16 08:10:00', 132);
INSERT INTO StudentAssignment (StudentID, AssignmentID, SubmissionDate, GradeID) VALUES ('75580824327', 86, '2025-05-15 08:10:00', 133);
INSERT INTO StudentAssignment (StudentID, AssignmentID, SubmissionDate, GradeID) VALUES ('75580824327', 87, '2025-03-27 14:46:00', 134);
INSERT INTO StudentAssignment (StudentID, AssignmentID, SubmissionDate, GradeID) VALUES ('75580824327', 88, '2025-04-24 08:54:00', 135);
INSERT INTO StudentAssignment (StudentID, AssignmentID, SubmissionDate, GradeID) VALUES ('27899155382', 88, '2025-04-24 08:54:00', 136);
INSERT INTO StudentAssignment (StudentID, AssignmentID, SubmissionDate, GradeID) VALUES ('27899155382', 89, '2025-02-26 23:34:00', 137);
INSERT INTO StudentAssignment (StudentID, AssignmentID, SubmissionDate, GradeID) VALUES ('75580824327', 89, '2025-02-21 23:34:00', 138);
INSERT INTO StudentAssignment (StudentID, AssignmentID, SubmissionDate, GradeID) VALUES ('75580824327', 90, '2024-11-20 16:40:00', 139);
INSERT INTO StudentAssignment (StudentID, AssignmentID, SubmissionDate, GradeID) VALUES ('27899155382', 90, '2024-11-22 16:40:00', 140);
INSERT INTO StudentAssignment (StudentID, AssignmentID, SubmissionDate, GradeID) VALUES ('27899155382', 91, '2024-12-12 03:10:00', 141);
INSERT INTO StudentAssignment (StudentID, AssignmentID, SubmissionDate, GradeID) VALUES ('79253144014', 92, '2024-11-11 05:58:00', 142);
INSERT INTO StudentAssignment (StudentID, AssignmentID, SubmissionDate, GradeID) VALUES ('79253144014', 93, '2025-04-14 23:48:00', 143);
INSERT INTO StudentAssignment (StudentID, AssignmentID, SubmissionDate, GradeID) VALUES ('79253144014', 94, '2024-10-30 08:18:00', 144);
INSERT INTO StudentAssignment (StudentID, AssignmentID, SubmissionDate, GradeID) VALUES ('12608063152', 95, '2024-09-04 01:34:00', 145);
INSERT INTO StudentAssignment (StudentID, AssignmentID, SubmissionDate, GradeID) VALUES ('77498693963', 95, '2024-08-31 01:34:00', 146);
INSERT INTO StudentAssignment (StudentID, AssignmentID, SubmissionDate, GradeID) VALUES ('12608063152', 96, '2024-11-09 15:28:00', 147);
INSERT INTO StudentAssignment (StudentID, AssignmentID, SubmissionDate, GradeID) VALUES ('12608063152', 97, '2024-09-20 02:41:00', 148);
INSERT INTO StudentAssignment (StudentID, AssignmentID, SubmissionDate, GradeID) VALUES ('77498693963', 97, '2024-09-21 02:41:00', 149);
INSERT INTO StudentAssignment (StudentID, AssignmentID, SubmissionDate, GradeID) VALUES ('77498693963', 98, '2024-09-03 10:17:00', 150);
INSERT INTO StudentAssignment (StudentID, AssignmentID, SubmissionDate, GradeID) VALUES ('12608063152', 98, '2024-09-03 10:17:00', 151);
INSERT INTO StudentAssignment (StudentID, AssignmentID, SubmissionDate, GradeID) VALUES ('12608063152', 99, '2024-09-29 18:48:00', 152);
INSERT INTO StudentAssignment (StudentID, AssignmentID, SubmissionDate, GradeID) VALUES ('77498693963', 99, '2024-10-02 18:48:00', 153);
INSERT INTO StudentAssignment (StudentID, AssignmentID, SubmissionDate, GradeID) VALUES ('77498693963', 100, '2024-12-16 22:42:00', 154);
INSERT INTO StudentAssignment (StudentID, AssignmentID, SubmissionDate, GradeID) VALUES ('12608063152', 101, '2024-12-03 02:45:00', 155);
INSERT INTO StudentAssignment (StudentID, AssignmentID, SubmissionDate, GradeID) VALUES ('77498693963', 101, '2024-12-03 02:45:00', 156);
INSERT INTO StudentAssignment (StudentID, AssignmentID, SubmissionDate, GradeID) VALUES ('22806478516', 102, '2024-11-18 13:18:00', 157);
INSERT INTO StudentAssignment (StudentID, AssignmentID, SubmissionDate, GradeID) VALUES ('89423965127', 102, '2024-11-20 13:18:00', 158);
INSERT INTO StudentAssignment (StudentID, AssignmentID, SubmissionDate, GradeID) VALUES ('02024394069', 102, '2024-11-20 13:18:00', 159);
INSERT INTO StudentAssignment (StudentID, AssignmentID, SubmissionDate, GradeID) VALUES ('22806478516', 103, '2024-11-15 06:39:00', 160);
INSERT INTO StudentAssignment (StudentID, AssignmentID, SubmissionDate, GradeID) VALUES ('89423965127', 103, '2024-11-17 06:39:00', 161);
INSERT INTO StudentAssignment (StudentID, AssignmentID, SubmissionDate, GradeID) VALUES ('02024394069', 103, '2024-11-19 06:39:00', 162);
INSERT INTO StudentAssignment (StudentID, AssignmentID, SubmissionDate, GradeID) VALUES ('89423965127', 104, '2024-11-27 14:38:00', 163);
INSERT INTO StudentAssignment (StudentID, AssignmentID, SubmissionDate, GradeID) VALUES ('02024394069', 104, '2024-11-27 14:38:00', 164);
INSERT INTO StudentAssignment (StudentID, AssignmentID, SubmissionDate, GradeID) VALUES ('22806478516', 105, '2024-10-25 09:04:00', 165);
INSERT INTO StudentAssignment (StudentID, AssignmentID, SubmissionDate, GradeID) VALUES ('89423965127', 105, '2024-10-27 09:04:00', 166);
INSERT INTO StudentAssignment (StudentID, AssignmentID, SubmissionDate, GradeID) VALUES ('02024394069', 105, '2024-10-30 09:04:00', 167);
INSERT INTO StudentAssignment (StudentID, AssignmentID, SubmissionDate, GradeID) VALUES ('89423965127', 106, '2025-03-22 16:10:00', 168);
INSERT INTO StudentAssignment (StudentID, AssignmentID, SubmissionDate, GradeID) VALUES ('22806478516', 106, '2025-03-17 16:10:00', 169);
INSERT INTO StudentAssignment (StudentID, AssignmentID, SubmissionDate, GradeID) VALUES ('02024394069', 106, '2025-03-20 16:10:00', 170);
INSERT INTO StudentAssignment (StudentID, AssignmentID, SubmissionDate, GradeID) VALUES ('89423965127', 107, '2025-04-20 20:08:00', 171);
INSERT INTO StudentAssignment (StudentID, AssignmentID, SubmissionDate, GradeID) VALUES ('02024394069', 107, '2025-04-15 20:08:00', 172);
INSERT INTO StudentAssignment (StudentID, AssignmentID, SubmissionDate, GradeID) VALUES ('22806478516', 107, '2025-04-16 20:08:00', 173);
INSERT INTO StudentAssignment (StudentID, AssignmentID, SubmissionDate, GradeID) VALUES ('22806478516', 108, '2025-03-17 13:13:00', 174);
INSERT INTO StudentAssignment (StudentID, AssignmentID, SubmissionDate, GradeID) VALUES ('89423965127', 108, '2025-03-18 13:13:00', 175);
INSERT INTO StudentAssignment (StudentID, AssignmentID, SubmissionDate, GradeID) VALUES ('02024394069', 108, '2025-03-16 13:13:00', 176);
INSERT INTO StudentAssignment (StudentID, AssignmentID, SubmissionDate, GradeID) VALUES ('02024394069', 109, '2025-05-27 13:02:00', 177);
INSERT INTO StudentAssignment (StudentID, AssignmentID, SubmissionDate, GradeID) VALUES ('89423965127', 109, '2025-05-28 13:02:00', 178);
INSERT INTO StudentAssignment (StudentID, AssignmentID, SubmissionDate, GradeID) VALUES ('22806478516', 109, '2025-05-25 13:02:00', 179);
INSERT INTO StudentAssignment (StudentID, AssignmentID, SubmissionDate, GradeID) VALUES ('13959690917', 110, '2024-09-18 22:41:00', 180);
INSERT INTO StudentAssignment (StudentID, AssignmentID, SubmissionDate, GradeID) VALUES ('19702267455', 110, '2024-09-16 22:41:00', 181);
INSERT INTO StudentAssignment (StudentID, AssignmentID, SubmissionDate, GradeID) VALUES ('32562735940', 110, '2024-09-19 22:41:00', 182);
INSERT INTO StudentAssignment (StudentID, AssignmentID, SubmissionDate, GradeID) VALUES ('13959690917', 111, '2024-11-27 12:10:00', 183);
INSERT INTO StudentAssignment (StudentID, AssignmentID, SubmissionDate, GradeID) VALUES ('32562735940', 111, '2024-11-29 12:10:00', 184);
INSERT INTO StudentAssignment (StudentID, AssignmentID, SubmissionDate, GradeID) VALUES ('05350101304', 112, '2025-03-29 09:45:00', 185);
INSERT INTO StudentAssignment (StudentID, AssignmentID, SubmissionDate, GradeID) VALUES ('70304861906', 112, '2025-03-26 09:45:00', 186);
INSERT INTO StudentAssignment (StudentID, AssignmentID, SubmissionDate, GradeID) VALUES ('05350101304', 113, '2025-04-30 17:35:00', 187);
INSERT INTO StudentAssignment (StudentID, AssignmentID, SubmissionDate, GradeID) VALUES ('05350101304', 114, '2025-06-10 20:17:00', 188);
INSERT INTO StudentAssignment (StudentID, AssignmentID, SubmissionDate, GradeID) VALUES ('70304861906', 114, '2025-06-10 20:17:00', 189);
INSERT INTO StudentAssignment (StudentID, AssignmentID, SubmissionDate, GradeID) VALUES ('70304861906', 115, '2024-11-20 15:22:00', 190);
INSERT INTO StudentAssignment (StudentID, AssignmentID, SubmissionDate, GradeID) VALUES ('05350101304', 115, '2024-11-18 15:22:00', 191);
INSERT INTO StudentAssignment (StudentID, AssignmentID, SubmissionDate, GradeID) VALUES ('70304861906', 116, '2024-10-15 07:08:00', 192);
INSERT INTO StudentAssignment (StudentID, AssignmentID, SubmissionDate, GradeID) VALUES ('05350101304', 117, '2024-11-08 18:54:00', 193);
INSERT INTO StudentAssignment (StudentID, AssignmentID, SubmissionDate, GradeID) VALUES ('70304861906', 117, '2024-11-11 18:54:00', 194);
INSERT INTO StudentAssignment (StudentID, AssignmentID, SubmissionDate, GradeID) VALUES ('05350101304', 118, '2024-09-07 07:33:00', 195);
INSERT INTO StudentAssignment (StudentID, AssignmentID, SubmissionDate, GradeID) VALUES ('79636840512', 119, '2025-04-29 16:38:00', 196);
INSERT INTO StudentAssignment (StudentID, AssignmentID, SubmissionDate, GradeID) VALUES ('79636840512', 120, '2025-03-18 12:54:00', 197);
INSERT INTO StudentAssignment (StudentID, AssignmentID, SubmissionDate, GradeID) VALUES ('79636840512', 123, '2024-11-16 04:47:00', 198);
INSERT INTO StudentAssignment (StudentID, AssignmentID, SubmissionDate, GradeID) VALUES ('79636840512', 124, '2024-10-20 21:16:00', 199);
