GradeID,GradeValue,WeightOfGrade,Date
1,6.0,2,2024-09-11 06:51:00
2,1.25,6,2024-09-09 06:51:00
3,5.5,0,2024-11-17 08:19:00
4,6.0,0,2024-11-15 08:19:00
5,4.75,1,2024-11-16 08:19:00
6,1.75,3,2024-11-18 08:19:00
7,6.0,0,2024-09-08 22:27:00
8,2.0,3,2024-09-07 22:27:00
9,4.25,0,2024-09-07 22:27:00
10,4.75,3,2024-09-09 22:27:00
11,6.0,4,2024-10-21 22:33:00
12,2.5,5,2024-10-21 22:33:00
13,5.75,6,2024-10-27 20:43:00
14,2.75,1,2024-10-24 20:43:00
15,2.5,4,2024-10-24 20:43:00
16,2.5,1,2024-10-23 04:02:00
17,1.0,4,2024-10-23 04:02:00
18,4.75,5,2025-04-20 10:57:00
19,4.75,3,2025-04-19 10:57:00
20,5.5,3,2025-05-06 00:18:00
21,6.0,6,2025-05-03 00:18:00
22,5.5,2,2025-05-05 00:18:00
23,4.0,5,2025-05-03 00:18:00
24,2.75,2,2025-06-01 06:39:00
25,3.25,0,2025-06-01 06:39:00
26,1.0,2,2025-06-01 06:39:00
27,2.75,6,2025-05-31 06:39:00
28,2.5,3,2025-04-22 04:31:00
29,5.0,6,2025-04-22 04:31:00
30,1.25,4,2025-04-23 04:31:00
31,1.75,4,2024-09-07 14:48:00
32,4.25,0,2024-09-08 14:48:00
33,3.75,3,2024-09-09 14:48:00
34,3.25,2,2024-09-07 14:48:00
35,5.0,4,2024-09-08 14:48:00
36,2.25,4,2024-09-09 14:48:00
37,1.5,6,2024-11-07 10:21:00
38,5.75,3,2024-11-08 10:21:00
39,3.75,0,2024-11-09 10:21:00
40,4.75,6,2024-11-06 10:21:00
41,3.5,4,2025-04-03 05:40:00
42,4.5,6,2025-04-04 05:40:00
43,4.75,1,2025-04-06 05:40:00
44,2.5,1,2025-04-06 05:40:00
45,2.25,2,2025-02-14 22:25:00
46,1.75,3,2025-02-15 22:25:00
47,2.0,6,2025-02-13 22:25:00
48,3.0,2,2025-02-16 22:25:00
49,1.75,6,2025-02-16 22:25:00
50,3.5,6,2025-02-13 22:25:00
51,4.75,1,2025-04-30 05:45:00
52,1.25,0,2025-04-29 05:45:00
53,2.5,6,2025-04-30 05:45:00
54,1.0,5,2025-04-28 05:45:00
55,2.0,3,2025-04-29 05:45:00
56,1.25,3,2025-05-02 14:55:00
57,5.75,6,2025-04-29 14:55:00
58,5.0,2,2025-04-30 14:55:00
59,3.0,3,2025-05-02 14:55:00
60,1.0,3,2025-04-29 14:55:00
61,2.0,2,2025-02-04 04:14:00
62,1.5,2,2025-02-04 04:14:00
63,6.0,0,2025-02-02 04:14:00
64,1.5,4,2025-02-02 04:14:00
65,2.25,3,2025-02-03 04:14:00
66,2.25,2,2025-02-05 04:14:00
67,3.25,0,2025-05-25 08:21:00
68,1.25,2,2025-05-25 08:21:00
69,1.0,6,2025-05-27 08:21:00
70,1.25,3,2025-05-26 08:21:00
71,2.5,5,2024-11-01 20:21:00
72,5.75,4,2024-10-31 20:21:00
73,5.75,6,2024-10-22 08:32:00
74,4.5,6,2024-10-22 08:32:00
75,5.5,5,2024-10-20 08:32:00
76,5.5,6,2024-10-20 08:32:00
77,3.25,2,2024-09-03 02:38:00
78,4.0,3,2024-09-02 02:38:00
79,2.25,6,2024-10-28 00:13:00
80,5.75,3,2024-10-28 00:13:00
81,3.0,1,2024-11-16 03:07:00
82,2.25,0,2024-11-15 03:07:00
83,2.5,5,2024-11-14 03:07:00
84,4.0,4,2024-10-16 12:06:00
85,4.5,6,2024-10-17 12:06:00
86,3.75,0,2024-12-19 22:54:00
87,2.75,5,2024-12-17 22:54:00
88,4.5,5,2024-12-19 22:54:00
89,4.25,4,2024-12-20 22:54:00
90,3.25,3,2024-10-11 00:49:00
91,3.25,2,2024-10-11 00:49:00
92,1.25,0,2024-10-08 00:49:00
93,2.75,4,2024-10-10 00:49:00
94,1.75,2,2024-10-07 07:27:00
95,3.0,1,2024-10-07 07:27:00
96,2.75,5,2024-09-28 21:02:00
97,5.75,3,2024-09-27 21:02:00
98,6.0,4,2024-09-27 21:02:00
99,4.25,0,2024-11-07 08:35:00
100,1.5,5,2024-11-06 08:35:00
101,4.5,1,2024-11-07 08:35:00
102,5.25,0,2024-09-21 19:40:00
103,1.75,2,2024-09-22 19:40:00
104,2.5,0,2024-09-21 19:40:00
105,4.25,2,2024-09-21 19:40:00
106,1.75,6,2024-11-30 11:37:00
107,2.0,4,2024-11-29 11:37:00
108,1.75,6,2024-11-14 23:38:00
109,2.5,4,2024-11-13 23:38:00
110,3.0,2,2025-04-06 14:06:00
111,1.25,4,2025-04-05 14:06:00
112,3.5,5,2025-04-03 14:06:00
113,2.25,5,2025-04-03 14:06:00
114,4.0,1,2025-02-24 12:36:00
115,5.25,0,2025-02-23 12:36:00
116,1.5,4,2024-10-25 16:03:00
117,2.5,2,2024-10-26 16:03:00
118,4.25,1,2024-10-24 16:03:00
119,4.75,3,2024-10-23 16:03:00
120,1.0,6,2024-09-16 16:48:00
121,2.5,5,2024-09-14 16:48:00
122,1.0,4,2024-09-16 16:48:00
123,1.5,0,2024-09-15 16:48:00
124,5.75,3,2024-09-19 21:26:00
125,3.25,5,2024-09-16 21:26:00
126,1.25,2,2024-09-19 21:26:00
127,1.25,2,2024-09-17 21:26:00
128,3.25,2,2025-02-21 07:47:00
129,6.0,2,2025-02-20 07:47:00
130,3.25,4,2025-02-19 07:47:00
131,5.5,3,2025-02-20 07:47:00
132,5.0,6,2025-02-20 07:47:00
133,3.75,0,2025-03-30 22:54:00
134,2.25,5,2025-03-27 22:54:00
135,3.25,1,2025-03-30 22:54:00
136,5.25,1,2025-03-28 22:54:00
137,3.5,1,2025-05-06 07:33:00
138,1.75,4,2025-05-04 07:33:00
139,2.75,2,2025-05-05 07:33:00
140,2.5,6,2025-05-07 07:33:00
141,4.25,3,2025-04-08 17:14:00
142,4.75,3,2025-04-06 17:14:00
143,3.25,0,2025-04-06 17:14:00
144,5.0,1,2025-02-25 03:47:00
145,3.25,2,2025-02-27 03:47:00
146,1.75,4,2025-02-25 03:47:00
147,4.25,3,2025-02-27 03:47:00
148,1.25,5,2024-11-18 23:00:00
149,2.75,3,2024-11-21 23:00:00
150,3.0,5,2024-11-19 23:00:00
151,4.0,3,2024-09-22 07:24:00
152,5.0,3,2024-09-24 07:24:00
153,4.0,5,2024-09-23 07:24:00
154,1.0,2,2024-10-16 19:56:00
155,3.0,3,2024-10-17 19:56:00
156,5.75,6,2024-09-26 22:25:00
157,2.5,2,2024-09-24 22:25:00
158,1.5,2,2025-05-15 06:32:00
159,1.0,5,2025-05-15 06:32:00
160,5.75,3,2025-05-17 06:32:00
161,5.25,3,2025-05-14 06:32:00
162,1.0,1,2025-03-11 00:36:00
163,2.75,5,2025-03-13 00:36:00
164,1.0,6,2025-05-26 02:36:00
165,6.0,2,2025-05-26 02:36:00
166,2.0,4,2025-05-23 02:36:00
167,3.75,6,2025-05-16 10:56:00
168,4.25,3,2025-05-19 10:56:00
169,4.5,5,2025-05-19 10:56:00
170,1.25,2,2025-05-18 10:56:00
171,1.5,3,2025-04-27 11:54:00
172,6.0,4,2025-04-27 11:54:00
173,5.0,0,2024-11-09 14:29:00
174,1.75,1,2024-11-11 14:29:00
175,2.5,2,2024-11-08 14:29:00
176,5.25,6,2024-09-03 18:46:00
177,4.5,0,2024-09-04 18:46:00
178,1.0,6,2024-09-04 18:46:00
179,3.75,4,2024-09-03 18:46:00
180,1.5,4,2024-11-23 23:59:00
181,4.25,2,2024-11-21 23:59:00
182,3.0,5,2024-11-20 23:59:00
183,5.0,6,2024-11-20 23:59:00
184,4.25,5,2024-10-18 10:07:00
185,4.25,0,2024-10-20 10:07:00
186,4.25,1,2024-10-21 10:07:00
187,2.25,6,2024-10-21 10:07:00
188,3.75,2,2024-10-18 10:07:00
189,4.5,4,2024-09-17 10:51:00
190,3.5,3,2024-09-17 10:51:00
191,5.5,5,2024-09-18 10:51:00
192,5.5,0,2024-11-26 23:54:00
193,2.5,6,2024-11-28 23:54:00
194,4.0,5,2024-10-08 10:43:00
195,2.25,5,2024-10-08 10:43:00
196,2.0,5,2024-10-08 10:43:00
197,6.0,2,2024-11-07 07:01:00
198,6.0,6,2024-11-06 07:01:00
199,3.25,2,2024-11-05 07:01:00
200,5.0,2,2024-11-05 18:15:00
201,1.0,3,2024-11-06 18:15:00
202,2.5,0,2024-10-31 04:38:00
203,3.0,2,2024-10-29 04:38:00
204,4.0,5,2024-10-31 04:38:00
205,1.25,2,2025-02-22 07:26:00
206,5.0,4,2025-02-21 07:26:00
207,5.5,1,2025-02-21 07:26:00
208,5.75,2,2025-05-29 18:03:00
209,5.25,3,2025-05-30 18:03:00
210,1.0,6,2025-05-30 18:03:00
211,5.0,5,2025-04-06 13:14:00
212,2.0,1,2025-04-08 13:14:00
213,1.75,5,2025-04-06 13:14:00
214,3.25,6,2025-04-06 13:14:00
215,6.0,1,2025-04-07 13:14:00
216,3.75,0,2025-03-20 22:52:00
217,5.75,3,2025-03-20 22:52:00
218,5.0,4,2025-03-18 22:52:00
219,4.0,5,2025-03-18 22:52:00
220,3.75,4,2025-03-19 22:52:00
221,1.0,1,2025-05-27 12:07:00
222,2.5,5,2025-05-24 12:07:00
223,6.0,0,2025-05-26 12:07:00
224,4.5,6,2025-05-27 12:07:00
225,6.0,4,2025-05-26 12:07:00
226,3.25,0,2025-03-02 23:43:00
227,3.5,4,2025-02-28 23:43:00
228,1.5,2,2025-02-27 23:43:00
229,5.25,0,2025-02-28 23:43:00
230,2.5,3,2025-03-02 23:43:00
231,4.75,1,2025-03-02 23:43:00
232,1.0,6,2025-04-02 11:41:00
233,3.5,4,2025-04-03 11:41:00
234,3.25,6,2025-04-02 11:41:00
235,1.25,4,2025-02-13 14:46:00
236,6.0,5,2025-02-12 14:46:00
237,3.0,4,2025-02-10 14:46:00
238,1.75,6,2025-05-08 23:31:00
239,1.5,1,2025-05-06 23:31:00
240,2.25,4,2025-05-06 23:31:00
241,3.0,3,2025-04-10 05:28:00
242,4.75,6,2025-04-11 05:28:00
243,3.75,5,2025-04-11 05:28:00
244,4.0,5,2024-09-08 05:35:00
245,4.5,6,2024-09-07 05:35:00
246,1.0,3,2024-11-22 10:38:00
247,3.75,0,2024-11-20 10:38:00
248,2.5,4,2024-11-19 10:38:00
249,5.0,3,2024-11-07 10:55:00
250,2.25,1,2024-11-06 10:55:00
251,2.25,0,2024-11-24 05:26:00
252,5.75,2,2024-11-21 05:26:00
253,6.0,0,2024-11-23 05:26:00
254,1.5,4,2024-11-24 05:26:00
255,3.25,1,2025-02-14 07:29:00
256,3.5,2,2025-02-13 07:29:00
257,1.25,6,2025-02-13 07:29:00
258,1.75,2,2025-02-15 07:29:00
259,4.75,1,2025-03-05 16:32:00
260,5.75,1,2025-03-06 16:32:00
261,6.0,6,2025-04-08 20:50:00
262,4.25,1,2025-04-08 20:50:00
263,2.75,4,2025-04-11 20:50:00
264,4.25,1,2025-04-08 20:50:00
265,2.75,2,2025-05-22 09:35:00
266,1.25,5,2025-05-21 09:35:00
267,2.0,0,2025-05-20 09:35:00
268,1.5,1,2025-03-11 19:40:00
269,2.5,1,2025-03-09 19:40:00
270,2.25,3,2025-03-10 19:40:00
271,2.5,5,2025-03-22 05:16:00
272,1.0,4,2025-03-20 05:16:00
273,5.75,1,2025-05-07 16:40:00
274,5.5,4,2025-05-09 16:40:00
275,2.75,6,2025-05-08 16:40:00
276,1.5,2,2025-03-19 01:29:00
277,2.25,2,2025-03-18 01:29:00
278,2.0,6,2025-03-16 01:29:00
279,3.25,0,2025-03-26 12:47:00
280,4.25,5,2025-03-27 12:47:00
281,4.5,2,2025-03-28 12:47:00
282,2.5,1,2025-02-04 23:36:00
283,4.0,4,2025-02-05 23:36:00
284,2.0,3,2024-09-18 01:06:00
285,3.75,2,2024-09-20 01:06:00
286,3.25,1,2025-05-23 21:14:00
287,4.5,5,2025-05-22 21:14:00
288,3.75,1,2025-05-24 21:14:00
289,4.75,3,2025-05-22 21:14:00
290,5.0,4,2025-05-22 21:14:00
291,5.5,3,2025-05-29 04:36:00
292,3.25,4,2025-05-31 04:36:00
293,5.25,1,2025-05-29 04:36:00
294,1.75,2,2025-05-28 04:36:00
295,5.0,6,2025-05-30 04:36:00
296,3.0,1,2025-03-23 01:04:00
297,2.75,6,2025-03-26 01:04:00
298,3.5,4,2025-03-24 01:04:00
299,4.25,6,2025-03-23 01:04:00
300,1.0,3,2024-11-16 03:46:00
301,5.75,6,2024-11-15 03:46:00
302,1.25,0,2024-11-13 03:46:00
303,2.25,0,2024-11-13 03:46:00
304,1.0,3,2024-10-06 22:23:00
305,1.25,3,2024-10-04 22:23:00
306,3.0,1,2024-10-07 22:23:00
307,2.25,1,2024-10-06 22:23:00
308,4.25,3,2024-10-05 22:23:00
309,3.75,0,2024-12-12 09:06:00
310,5.5,3,2024-12-11 09:06:00
311,5.75,0,2024-12-11 09:06:00
312,5.75,6,2024-12-14 09:06:00
313,3.25,0,2024-12-11 09:06:00
314,5.75,1,2024-12-14 09:06:00
315,2.75,2,2024-11-21 20:48:00
316,1.25,3,2024-11-22 20:48:00
317,5.5,1,2024-11-21 20:48:00
318,3.25,2,2024-11-21 20:48:00
319,4.0,1,2024-11-22 20:48:00
320,1.25,6,2024-11-20 20:48:00
321,3.0,2,2025-03-25 17:08:00
322,4.25,5,2025-03-27 17:08:00
323,2.75,6,2025-03-26 17:08:00
324,4.0,3,2025-03-25 17:08:00
325,2.75,3,2025-04-08 20:21:00
326,1.0,5,2025-04-09 20:21:00
327,2.0,6,2025-06-09 01:29:00
328,2.25,6,2025-06-10 01:29:00
329,3.5,2,2025-06-08 01:29:00
330,3.0,3,2025-06-07 06:50:00
331,1.0,6,2025-06-07 06:50:00
332,1.25,4,2025-06-03 03:40:00
333,5.25,3,2025-06-01 03:40:00
334,5.0,2,2025-06-03 03:40:00
335,3.75,6,2025-06-01 03:40:00
336,3.25,5,2025-05-13 17:34:00
337,2.0,3,2025-05-16 17:34:00
338,1.0,6,2025-05-14 17:34:00
339,5.5,2,2025-05-14 17:34:00
340,4.25,3,2025-06-09 22:36:00
341,1.0,5,2025-06-09 22:36:00
342,1.25,2,2025-06-08 22:36:00
343,1.25,5,2025-06-11 22:36:00
344,1.25,3,2025-06-11 22:36:00
345,6.0,4,2025-02-23 14:57:00
346,5.25,2,2025-02-23 14:57:00
347,2.0,4,2025-02-20 14:57:00
348,4.5,3,2025-02-22 14:57:00
349,3.75,6,2025-02-23 14:57:00
350,2.5,1,2025-04-24 11:34:00
351,4.25,6,2025-04-25 11:34:00
352,2.25,5,2025-04-26 11:34:00
353,1.5,0,2025-04-27 11:34:00
354,2.25,6,2025-04-24 11:34:00
355,2.25,4,2025-04-25 11:34:00
356,4.0,1,2024-11-25 13:09:00
357,3.75,5,2024-11-27 13:09:00
358,3.75,4,2024-11-27 13:09:00
359,4.75,5,2024-11-28 13:09:00
360,5.75,0,2024-11-25 13:09:00
361,1.0,5,2024-11-28 13:09:00
362,2.5,1,2024-12-10 00:12:00
363,2.75,2,2024-12-08 00:12:00
364,4.5,2,2024-12-09 00:12:00
365,2.25,6,2024-12-10 00:12:00
366,4.75,6,2024-10-17 12:23:00
367,3.75,2,2024-10-16 12:23:00
368,5.0,0,2024-10-17 12:23:00
369,4.0,3,2024-10-14 12:23:00
370,3.75,3,2024-10-14 12:23:00
371,5.0,5,2024-10-16 12:23:00
372,2.5,2,2024-12-21 09:09:00
373,4.25,1,2024-12-19 09:09:00
374,5.75,5,2024-12-21 09:09:00
375,1.75,0,2024-11-09 21:42:00
376,5.25,1,2024-11-10 21:42:00
377,2.25,4,2024-11-10 21:42:00
378,1.75,6,2024-11-11 21:42:00
379,5.0,4,2025-02-13 21:57:00
380,3.75,6,2025-02-13 21:57:00
381,1.75,6,2025-06-21 22:56:00
382,2.0,6,2025-06-19 22:56:00
383,4.0,6,2025-06-20 22:56:00
384,5.5,3,2025-06-19 22:56:00
385,4.0,5,2025-06-06 03:36:00
386,3.75,4,2025-06-07 03:36:00
387,6.0,1,2025-06-06 03:36:00
388,3.0,0,2025-05-17 01:42:00
389,1.25,0,2025-05-19 01:42:00
390,1.0,2,2025-05-20 01:42:00
391,2.0,0,2025-02-12 10:12:00
392,6.0,0,2025-02-13 10:12:00
393,2.25,0,2025-02-12 10:12:00
394,4.75,1,2025-02-09 19:39:00
395,5.0,0,2025-02-07 19:39:00
396,3.25,6,2025-02-10 19:39:00
397,5.0,0,2025-02-08 19:39:00
398,1.25,4,2025-04-22 19:45:00
399,4.75,3,2025-04-23 19:45:00
400,6.0,0,2025-04-23 19:45:00
401,5.0,5,2024-11-17 19:32:00
402,4.75,1,2024-11-19 19:32:00
403,4.5,0,2024-11-19 19:32:00
404,5.0,6,2024-11-17 19:32:00
405,2.75,3,2024-11-18 19:32:00
406,2.75,1,2024-12-06 07:23:00
407,4.0,6,2024-12-07 07:23:00
408,2.5,3,2024-12-07 07:23:00
409,5.25,0,2024-09-19 00:30:00
410,1.25,2,2024-09-21 00:30:00
411,3.5,2,2024-09-20 00:30:00
412,1.5,5,2024-09-21 00:30:00
413,3.5,5,2024-09-15 02:56:00
414,5.5,0,2024-09-12 02:56:00
415,5.5,2,2024-09-13 02:56:00
416,4.25,2,2024-09-12 02:56:00
417,1.75,4,2025-04-29 17:47:00
418,3.25,4,2025-04-26 17:47:00
419,2.5,5,2025-04-26 17:47:00
420,4.75,4,2025-03-27 01:30:00
421,4.75,1,2025-03-27 01:30:00
422,4.25,3,2025-03-24 01:30:00
423,3.25,1,2025-03-17 16:38:00
424,5.0,4,2025-03-19 16:38:00
425,5.25,2,2025-03-18 16:38:00
426,1.25,0,2025-03-19 16:38:00
427,3.5,1,2025-02-11 02:29:00
428,4.25,6,2025-02-11 02:29:00
429,4.0,3,2025-02-14 02:29:00
430,5.75,1,2025-02-14 02:29:00
431,3.75,6,2025-02-23 03:56:00
432,4.75,6,2025-02-25 03:56:00
433,5.0,6,2025-02-23 03:56:00
434,4.75,3,2025-02-23 03:56:00
435,4.75,0,2025-04-08 16:01:00
436,5.0,4,2025-04-09 16:01:00
437,2.25,6,2024-10-11 23:15:00
438,5.0,4,2024-10-10 23:15:00
439,5.75,6,2024-10-09 23:15:00
440,3.0,4,2025-02-12 08:20:00
441,5.75,1,2025-02-14 08:20:00
442,5.75,6,2025-02-13 08:20:00
443,5.75,2,2025-02-12 08:20:00
444,2.5,3,2025-02-27 13:14:00
445,1.75,4,2025-02-28 13:14:00
446,2.25,5,2025-02-28 13:14:00
447,5.25,5,2025-02-27 13:14:00
448,5.25,5,2025-04-22 18:01:00
449,1.75,3,2025-04-20 18:01:00
450,4.75,4,2025-04-21 18:01:00
451,3.75,2,2025-04-02 07:29:00
452,1.0,4,2025-04-01 07:29:00
453,5.5,0,2024-09-05 02:53:00
454,1.75,6,2024-09-05 02:53:00
455,1.5,2,2024-09-03 02:53:00
456,3.0,1,2024-09-04 02:53:00
457,1.0,2,2024-10-03 10:03:00
458,4.75,6,2024-10-04 10:03:00
459,1.0,0,2024-10-03 10:03:00
460,2.5,2,2024-09-12 10:04:00
461,1.0,1,2024-09-13 10:04:00
462,5.75,2,2024-09-14 10:04:00
463,3.0,0,2024-09-15 10:04:00
464,3.25,0,2024-09-10 06:51:00
465,3.25,2,2024-09-09 06:51:00
466,4.75,0,2024-09-11 06:51:00
467,6.0,5,2024-09-10 06:51:00
468,2.5,6,2024-11-18 08:19:00
469,5.75,3,2024-11-18 08:19:00
470,6.0,3,2024-09-10 22:27:00
471,5.0,2,2024-10-21 22:33:00
472,3.5,0,2024-10-20 22:33:00
473,4.75,1,2024-10-23 22:33:00
474,2.75,4,2024-10-21 22:33:00
475,5.5,0,2024-10-24 20:43:00
476,5.5,2,2024-10-26 20:43:00
477,1.0,0,2024-10-22 04:02:00
478,3.75,6,2024-10-23 04:02:00
479,4.25,3,2025-04-20 10:57:00
480,3.75,6,2025-04-22 10:57:00
481,4.75,6,2025-05-04 00:18:00
482,3.75,2,2025-05-03 00:18:00
483,4.25,6,2025-05-03 00:18:00
484,3.0,0,2025-05-31 06:39:00
485,5.25,6,2025-05-30 06:39:00
486,6.0,0,2025-05-30 06:39:00
487,6.0,5,2025-05-31 06:39:00
488,2.0,0,2025-04-22 04:31:00
489,5.75,2,2024-09-08 14:48:00
490,3.75,1,2024-09-08 14:48:00
491,5.5,6,2024-09-07 14:48:00
492,1.75,4,2024-09-09 14:48:00
493,1.75,0,2024-09-10 14:48:00
494,5.5,4,2024-11-08 10:21:00
495,5.5,0,2024-11-09 10:21:00
496,4.75,5,2024-11-09 10:21:00
497,5.0,4,2024-11-07 10:21:00
498,5.5,1,2024-11-06 10:21:00
499,3.5,4,2024-11-06 10:21:00
500,4.0,2,2025-04-03 05:40:00
501,5.0,1,2025-04-04 05:40:00
502,2.75,0,2025-04-05 05:40:00
503,1.5,5,2025-02-15 22:25:00
504,6.0,0,2025-02-16 22:25:00
505,4.75,5,2025-02-13 22:25:00
506,3.75,3,2025-02-15 22:25:00
507,4.75,6,2025-04-30 05:45:00
508,5.25,3,2025-04-27 05:45:00
509,4.25,0,2025-04-29 05:45:00
510,4.5,4,2025-04-30 05:45:00
511,4.75,0,2025-04-30 14:55:00
512,1.75,5,2025-02-02 04:14:00
513,3.75,5,2025-02-02 04:14:00
514,1.0,0,2025-02-02 04:14:00
515,3.25,2,2025-05-25 08:21:00
516,3.25,4,2025-05-25 08:21:00
517,5.0,5,2025-05-28 08:21:00
518,4.75,3,2025-05-26 08:21:00
519,5.0,4,2025-05-26 08:21:00
520,1.0,2,2024-10-29 20:21:00
521,6.0,2,2024-10-29 20:21:00
522,5.0,3,2024-10-30 20:21:00
523,2.25,4,2024-10-30 20:21:00
524,2.75,5,2024-10-20 08:32:00
525,3.25,2,2024-09-02 02:38:00
526,1.5,1,2024-09-05 02:38:00
527,1.5,1,2024-09-05 02:38:00
528,3.25,6,2024-09-03 02:38:00
529,3.5,0,2024-10-25 00:13:00
530,1.75,4,2024-10-26 00:13:00
531,4.5,2,2024-11-15 03:07:00
532,4.5,0,2024-10-16 12:06:00
533,3.25,6,2024-10-16 12:06:00
534,2.25,0,2024-10-17 12:06:00
535,5.25,4,2024-12-20 22:54:00
536,2.75,1,2024-10-11 00:49:00
537,1.5,5,2024-10-08 00:49:00
538,1.5,6,2024-10-07 07:27:00
539,3.5,5,2024-10-08 07:27:00
540,1.5,6,2024-09-25 21:02:00
541,1.25,5,2024-09-25 21:02:00
542,6.0,4,2024-09-27 21:02:00
543,4.25,5,2024-09-25 21:02:00
544,3.75,5,2024-11-07 08:35:00
545,5.0,4,2024-11-07 08:35:00
546,5.75,1,2024-11-07 08:35:00
547,5.75,5,2024-11-07 08:35:00
548,2.75,4,2024-09-23 19:40:00
549,5.25,3,2024-11-29 11:37:00
550,5.75,1,2024-11-29 11:37:00
551,1.75,4,2024-11-28 11:37:00
552,4.0,0,2024-12-01 11:37:00
553,1.0,1,2024-11-13 23:38:00
554,2.0,0,2024-11-11 23:38:00
555,2.25,6,2025-04-06 14:06:00
556,6.0,1,2025-04-06 14:06:00
557,3.5,5,2025-04-05 14:06:00
558,4.25,2,2025-02-26 12:36:00
559,3.5,3,2025-02-25 12:36:00
560,2.5,6,2025-02-26 12:36:00
561,4.5,6,2025-02-23 12:36:00
562,6.0,5,2024-10-23 16:03:00
563,5.75,6,2024-09-14 16:48:00
564,4.5,2,2024-09-19 21:26:00
565,2.75,4,2025-02-19 07:47:00
566,1.25,1,2025-03-28 22:54:00
567,5.0,1,2025-03-27 22:54:00
568,4.75,4,2025-03-30 22:54:00
569,3.0,2,2025-03-29 22:54:00
570,4.5,0,2025-05-05 07:33:00
571,4.0,0,2025-05-04 07:33:00
572,4.75,1,2025-05-06 07:33:00
573,1.25,6,2025-05-04 07:33:00
574,5.5,5,2025-04-05 17:14:00
575,1.75,3,2025-02-28 03:47:00
576,3.5,4,2025-02-28 03:47:00
577,2.75,4,2024-11-20 23:00:00
578,5.5,0,2024-11-20 23:00:00
579,1.0,0,2024-11-21 23:00:00
580,4.0,2,2024-11-18 23:00:00
581,4.0,3,2024-09-21 07:24:00
582,4.75,5,2024-09-21 07:24:00
583,1.25,4,2024-10-17 19:56:00
584,3.5,1,2024-09-26 22:25:00
585,4.0,2,2024-09-25 22:25:00
586,3.5,2,2024-09-24 22:25:00
587,4.0,1,2025-05-17 06:32:00
588,2.5,2,2025-05-14 06:32:00
589,1.25,1,2025-03-13 00:36:00
590,1.75,4,2025-05-23 02:36:00
591,3.75,2,2025-05-17 10:56:00
592,1.75,5,2025-05-18 10:56:00
593,1.25,3,2025-05-17 10:56:00
594,3.5,6,2025-04-26 11:54:00
595,5.25,6,2025-04-26 11:54:00
596,5.25,1,2024-11-10 14:29:00
597,3.75,0,2024-09-06 18:46:00
598,2.5,2,2024-09-04 18:46:00
599,6.0,4,2024-11-23 23:59:00
600,5.25,0,2024-10-19 10:07:00
601,3.0,6,2024-09-17 10:51:00
602,5.5,3,2024-09-15 10:51:00
603,2.75,0,2024-11-29 23:54:00
604,5.0,4,2024-10-09 10:43:00
605,2.5,0,2024-11-08 07:01:00
606,5.0,2,2024-11-07 07:01:00
607,1.5,4,2024-11-05 07:01:00
608,6.0,3,2024-11-07 07:01:00
609,2.25,3,2024-11-06 18:15:00
610,6.0,4,2024-11-03 18:15:00
611,3.0,0,2024-11-03 18:15:00
612,1.5,1,2024-11-06 18:15:00
613,4.5,3,2024-10-31 04:38:00
614,2.75,0,2024-10-30 04:38:00
615,1.0,6,2024-10-29 04:38:00
616,2.25,3,2024-10-29 04:38:00
617,1.0,5,2025-02-22 07:26:00
618,1.25,3,2025-02-20 07:26:00
619,1.25,6,2025-02-23 07:26:00
620,4.5,2,2025-02-23 07:26:00
621,5.5,5,2025-05-29 18:03:00
622,5.0,3,2025-05-28 18:03:00
623,2.0,6,2025-05-28 18:03:00
624,4.25,4,2025-04-08 13:14:00
625,1.5,0,2025-04-09 13:14:00
626,5.75,1,2025-04-07 13:14:00
627,2.75,3,2025-03-18 22:52:00
628,2.0,1,2025-03-20 22:52:00
629,2.75,5,2025-05-25 12:07:00
630,2.25,5,2025-05-25 12:07:00
631,2.75,0,2025-05-26 12:07:00
632,4.0,4,2025-05-25 12:07:00
633,1.75,5,2025-05-25 12:07:00
634,1.25,3,2025-05-25 12:07:00
635,5.25,5,2025-03-01 23:43:00
636,3.75,4,2025-03-01 23:43:00
637,3.75,5,2025-02-28 23:43:00
638,5.5,6,2025-03-02 23:43:00
639,3.25,0,2025-02-27 23:43:00
640,4.0,6,2025-04-04 11:41:00
641,5.25,3,2025-04-03 11:41:00
642,4.25,4,2025-04-01 11:41:00
643,5.0,1,2025-02-11 14:46:00
644,5.25,6,2025-02-13 14:46:00
645,2.75,6,2025-02-12 14:46:00
646,3.5,2,2025-05-06 23:31:00
647,5.75,4,2025-05-07 23:31:00
648,5.25,3,2025-05-08 23:31:00
649,4.75,1,2025-04-09 05:28:00
650,5.0,4,2025-04-10 05:28:00
651,3.5,3,2024-09-06 05:35:00
652,1.75,3,2024-11-22 10:38:00
653,4.25,6,2024-11-21 10:38:00
654,5.75,4,2024-11-22 10:38:00
655,4.75,4,2024-11-22 10:38:00
656,2.25,0,2024-11-06 10:55:00
657,1.0,3,2024-11-09 10:55:00
658,4.75,6,2024-11-08 10:55:00
659,5.75,6,2024-11-09 10:55:00
660,5.75,6,2024-11-22 05:26:00
661,4.75,0,2025-02-15 07:29:00
662,4.25,3,2025-02-15 07:29:00
663,3.0,1,2025-02-13 07:29:00
664,3.5,1,2025-03-03 16:32:00
665,4.25,5,2025-04-09 20:50:00
666,2.0,0,2025-05-20 09:35:00
667,1.5,2,2025-03-08 19:40:00
668,2.5,5,2025-03-20 05:16:00
669,4.0,1,2025-03-23 05:16:00
670,1.5,4,2025-03-21 05:16:00
671,5.75,4,2025-03-20 05:16:00
672,2.5,5,2025-05-07 16:40:00
673,4.5,3,2025-05-09 16:40:00
674,3.0,2,2025-03-19 01:29:00
675,3.75,4,2025-03-18 01:29:00
676,3.0,6,2025-03-17 01:29:00
677,4.25,6,2025-03-25 12:47:00
678,2.0,0,2025-03-26 12:47:00
679,1.25,1,2025-03-27 12:47:00
680,2.0,5,2025-02-03 23:36:00
681,3.25,2,2025-02-03 23:36:00
682,3.75,6,2025-02-02 23:36:00
683,4.25,3,2024-09-17 01:06:00
684,4.5,4,2025-05-24 21:14:00
685,4.0,1,2025-05-25 21:14:00
686,3.0,0,2025-05-29 04:36:00
687,3.25,5,2025-05-30 04:36:00
688,1.25,1,2025-05-28 04:36:00
689,6.0,1,2025-05-29 04:36:00
690,3.0,4,2025-03-23 01:04:00
691,4.5,1,2025-03-24 01:04:00
692,4.25,3,2025-03-26 01:04:00
693,5.5,3,2025-03-24 01:04:00
694,6.0,6,2025-03-24 01:04:00
695,4.25,2,2024-11-13 03:46:00
696,1.0,6,2024-11-15 03:46:00
697,5.75,5,2024-11-14 03:46:00
698,2.5,0,2024-11-14 03:46:00
699,4.5,6,2024-11-14 03:46:00
700,5.75,2,2024-11-15 03:46:00
701,1.25,6,2024-10-07 22:23:00
702,2.75,3,2024-12-12 09:06:00
703,3.5,4,2024-12-13 09:06:00
704,3.75,0,2024-12-13 09:06:00
705,1.5,4,2024-12-12 09:06:00
706,4.5,4,2024-12-14 09:06:00
707,5.0,0,2024-11-22 20:48:00
708,2.5,2,2024-11-21 20:48:00
709,5.25,0,2025-03-26 17:08:00
710,5.25,6,2025-03-27 17:08:00
711,5.25,4,2025-03-25 17:08:00
712,2.75,6,2025-03-26 17:08:00
713,2.75,5,2025-04-07 20:21:00
714,5.25,5,2025-06-10 01:29:00
715,1.0,4,2025-06-08 01:29:00
716,1.75,2,2025-06-10 01:29:00
717,5.5,4,2025-06-10 01:29:00
718,1.25,1,2025-06-08 06:50:00
719,2.25,3,2025-06-09 06:50:00
720,2.75,6,2025-06-02 03:40:00
721,5.75,5,2025-06-01 03:40:00
722,3.0,4,2025-06-03 03:40:00
723,1.75,0,2025-06-04 03:40:00
724,4.25,5,2025-05-16 17:34:00
725,5.0,0,2025-05-15 17:34:00
726,3.0,2,2025-05-15 17:34:00
727,4.75,0,2025-06-09 22:36:00
728,3.25,0,2025-02-20 14:57:00
729,1.75,5,2025-02-20 14:57:00
730,5.75,6,2025-04-26 11:34:00
731,4.25,5,2025-04-27 11:34:00
732,1.0,6,2025-04-25 11:34:00
733,3.0,3,2025-04-25 11:34:00
734,4.0,4,2024-11-28 13:09:00
735,3.75,2,2024-11-28 13:09:00
736,2.25,0,2024-11-28 13:09:00
737,5.5,2,2024-11-26 13:09:00
738,3.5,4,2024-11-28 13:09:00
739,4.0,0,2024-12-08 00:12:00
740,5.25,4,2024-12-08 00:12:00
741,4.25,3,2024-12-10 00:12:00
742,3.0,6,2024-10-15 12:23:00
743,4.0,1,2024-12-21 09:09:00
744,1.75,2,2024-12-22 09:09:00
745,1.0,5,2024-12-22 09:09:00
746,3.75,0,2024-12-21 09:09:00
747,5.75,5,2024-11-11 21:42:00
748,5.5,2,2024-11-12 21:42:00
749,1.0,0,2024-11-09 21:42:00
750,3.5,6,2024-11-11 21:42:00
751,2.25,5,2025-02-14 21:57:00
752,3.0,6,2025-06-21 22:56:00
753,2.0,3,2025-06-19 22:56:00
754,1.25,5,2025-06-22 22:56:00
755,2.25,6,2025-06-06 03:36:00
756,1.25,4,2025-06-08 03:36:00
757,1.75,4,2025-06-07 03:36:00
758,1.0,5,2025-06-07 03:36:00
759,2.0,1,2025-05-18 01:42:00
760,4.75,2,2025-05-18 01:42:00
761,4.0,0,2025-05-18 01:42:00
762,2.75,5,2025-05-19 01:42:00
763,5.5,3,2025-02-12 10:12:00
764,5.75,0,2025-02-11 10:12:00
765,5.25,4,2025-02-14 10:12:00
766,5.5,2,2025-02-12 10:12:00
767,4.5,6,2025-02-09 19:39:00
768,1.0,4,2025-02-07 19:39:00
769,5.75,2,2025-02-07 19:39:00
770,2.5,2,2025-04-21 19:45:00
771,5.25,5,2025-04-22 19:45:00
772,5.0,1,2025-04-23 19:45:00
773,1.75,3,2024-11-20 19:32:00
774,2.5,5,2024-11-18 19:32:00
775,5.25,0,2024-11-18 19:32:00
776,5.0,6,2024-12-08 07:23:00
777,2.25,5,2024-12-08 07:23:00
778,2.75,5,2024-12-07 07:23:00
779,3.5,6,2024-09-20 00:30:00
780,1.0,4,2024-09-19 00:30:00
781,5.0,3,2024-09-13 02:56:00
782,1.0,5,2024-09-15 02:56:00
783,1.5,0,2024-09-13 02:56:00
784,4.75,6,2025-04-29 17:47:00
785,2.0,5,2025-03-26 01:30:00
786,5.25,6,2025-03-26 01:30:00
787,4.5,1,2025-03-26 01:30:00
788,5.0,0,2025-03-24 01:30:00
789,5.5,5,2025-03-19 16:38:00
790,1.75,4,2025-03-18 16:38:00
791,5.5,4,2025-02-14 02:29:00
792,3.75,6,2025-02-11 02:29:00
793,4.0,2,2025-02-25 03:56:00
794,4.75,0,2025-02-22 03:56:00
795,2.0,1,2025-04-07 16:01:00
796,4.5,3,2025-04-08 16:01:00
797,6.0,3,2025-04-07 16:01:00
798,2.5,3,2024-10-12 23:15:00
799,4.25,1,2024-10-11 23:15:00
800,1.25,2,2024-10-10 23:15:00
801,5.5,5,2024-10-11 23:15:00
802,5.5,4,2025-02-13 08:20:00
803,4.25,6,2025-02-14 08:20:00
804,4.75,6,2025-02-25 13:14:00
805,2.5,0,2025-02-25 13:14:00
806,5.25,3,2025-02-26 13:14:00
807,2.25,6,2025-02-28 13:14:00
808,1.0,0,2025-04-21 18:01:00
809,4.75,2,2025-04-02 07:29:00
810,5.0,4,2025-04-01 07:29:00
811,1.25,3,2025-04-04 07:29:00
812,2.75,5,2025-04-01 07:29:00
813,1.5,2,2024-09-06 02:53:00
814,1.75,2,2024-10-04 10:03:00
815,5.75,5,2024-10-02 10:03:00
816,4.25,0,2024-10-04 10:03:00
817,3.0,3,2024-10-03 10:03:00
818,3.5,1,2024-09-12 10:04:00
819,4.25,0,2024-09-14 10:04:00
820,3.5,6,2025-03-27 11:01:00
821,5.0,0,2024-09-23 00:04:00
822,5.25,4,2024-09-09 13:33:00
823,3.5,6,2024-10-31 16:10:00
824,3.0,3,2024-10-03 20:58:00
825,2.5,2,2024-10-05 20:58:00
826,3.0,6,2024-12-01 20:33:00
827,3.25,5,2024-12-02 20:33:00
828,5.25,1,2024-09-10 03:23:00
829,5.25,5,2024-11-01 11:09:00
830,2.25,0,2024-12-13 15:45:00
831,5.75,0,2025-03-16 22:18:00
832,2.5,6,2025-03-14 22:18:00
833,1.75,2,2025-04-13 15:52:00
834,6.0,6,2025-04-13 15:52:00
835,1.75,5,2025-04-15 15:52:00
836,3.75,1,2025-04-14 15:52:00
837,2.25,0,2025-04-23 10:33:00
838,5.75,0,2025-04-24 10:33:00
839,2.5,0,2025-06-05 11:57:00
840,3.5,4,2025-06-06 11:57:00
841,2.0,5,2025-02-06 17:54:00
842,2.75,6,2025-02-07 17:54:00
843,4.5,1,2025-03-10 20:04:00
